Description,POA_l,POA_u,CS,PvsG,day_only,Metric,Freq,Method,slope,intercept,PLR,uncertainty
PvsPOA_POA50_PRt_W,50,,,1,0,PRt,W,YOY,,,-0.0031290084846578,0.0031912848955858
PvsPOA_POA200_PVUSA_W,200,,,1,0,PVUSA,W,YOY,,,-0.0003597019817629,0.0004952499326669
POA800_PI_W,800,,,0,0,PI,W,YOY,,,-0.0001744560475619,0.0014768950540743
PvsPOA_POA5_PVUSA_W,5,,,1,0,PVUSA,W,YOY,,,-0.0005210811558438,0.0011548110738276
POA50_huld_W,50,,,0,0,huld,W,YOY,,,0.0001118277925044,0.0003354247368249
PvsPOA_POA5_PR_W,5,,,1,0,PR,W,YOY,,,5.746787449098983e-06,0.0027873678348777
POA500_PVUSA_W,500,,,0,0,PVUSA,W,YOY,,,-0.0002732656072734,0.0004490997110094
POA20_PRt_W,20,,,0,0,PRt,W,YOY,,,-0.0013212919877867,0.0033386196248293
POA100_PR_W,100,,,0,0,PR,W,YOY,,,0.0015971377853434,0.0028907513682733
POA500_PR_W,500,,,0,0,PR,W,YOY,,,0.0021992017316689,0.0030502247199857
PvsPOA_POA200_PR_W,200,,,1,0,PR,W,YOY,,,0.0002689848370307,0.0022416282696222
POA800_P_W,800,,,0,0,P,W,YOY,,,-0.0050959930908326,0.0078665017278367
PvsPOA_POA50_PR_W,50,,,1,0,PR,W,YOY,,,0.001027150295494,0.0028180075944915
POA800_PR_W,800,,,0,0,PR,W,YOY,,,-0.0008142552767802,0.0030914051433136
PvsPOA_POA5_PI_W,5,,,1,0,PI,W,YOY,,,-0.0035722734471858,0.0031810520954851
POA500_P_W,500,,,0,0,P,W,YOY,,,-0.0106082177869071,0.0090666127333422
POA20_P_W,20,,,0,0,P,W,YOY,,,-0.0352665099172258,0.0454389968972321
POA200_P_W,200,,,0,0,P,W,YOY,,,-0.0249161352365807,0.0229636348804052
POA5_PVUSA_W,5,,,0,0,PVUSA,W,YOY,,,-0.0005876969777027,0.0011534916583418
PvsPOA_POA0_PI_W,0,,,1,0,PI,W,YOY,,,-0.0034712941820088,0.0033510221303955
PvsPOA_POA200_P_W,200,,,1,0,P,W,YOY,,,-0.0300076716351059,0.0204801137717264
PvsPOA_POA20_huld_W,20,,,1,0,huld,W,YOY,,,0.0001172813765122,0.000699495449863
POA100_PRt_W,100,,,0,0,PRt,W,YOY,,,-0.0021587982974605,0.0025830636769934
PvsPOA_POA100_PRt_W,100,,,1,0,PRt,W,YOY,,,-0.003219021941131,0.0026146123672752
POA5_P_W,5,,,0,0,P,W,YOY,,,-0.0344824252745533,0.0455763638822858
PvsPOA_POA0_huld_W,0,,,1,0,huld,W,YOY,,,-7.547056578561624e-05,0.0005573504215302
PvsPOA_POA100_PI_W,100,,,1,0,PI,W,YOY,,,-0.003171171139514,0.0026371010712214
PvsPOA_POA20_PRt_W,20,,,1,0,PRt,W,YOY,,,-0.0030135449694815,0.0034117152427406
POA800_PVUSA_W,800,,,0,0,PVUSA,W,YOY,,,9.532043876031018e-05,0.0004330908031155
PvsPOA_POA500_PI_W,500,,,1,0,PI,W,YOY,,,0.0001885591330875,0.0013541894138983
PvsPOA_POA100_P_W,100,,,1,0,P,W,YOY,,,-0.0289503213851599,0.0258803933939201
PvsPOA_POA800_PVUSA_W,800,,,1,0,PVUSA,W,YOY,,,0.0001025039230716,0.0004694480298343
PvsPOA_POA0_PVUSA_W,0,,,1,0,PVUSA,W,YOY,,,-0.0005202601862082,0.0011990847934609
POA100_huld_W,100,,,0,0,huld,W,YOY,,,6.221777023973491e-05,0.0004001640566597
POA0_PVUSA_W,0,,,0,0,PVUSA,W,YOY,,,-0.0006496215445012,0.0011120620120889
PvsPOA_POA0_P_W,0,,,1,0,P,W,YOY,,,-0.04469992015561,0.0350688614774585
POA100_P_W,100,,,0,0,P,W,YOY,,,-0.0331548587331232,0.0369131111231132
POA50_PVUSA_W,50,,,0,0,PVUSA,W,YOY,,,-0.0003140208856114,0.0011332606208934
PvsPOA_POA200_PRt_W,200,,,1,0,PRt,W,YOY,,,-0.0021488880211452,0.0014337061871736
POA0_PRt_W,0,,,0,0,PRt,W,YOY,,,-0.0012272323238239,0.0034866580423319
PvsPOA_POA50_P_W,50,,,1,0,P,W,YOY,,,-0.0426165900783076,0.0341463554901575
POA200_PI_W,200,,,0,0,PI,W,YOY,,,-0.0013277424634948,0.0016042039882783
POA100_PVUSA_W,100,,,0,0,PVUSA,W,YOY,,,-0.0004630268744702,0.0010238077762634
PvsPOA_POA800_PI_W,800,,,1,0,PI,W,YOY,,,-0.000561660512117,0.0013937718784712
PvsPOA_POA500_PRt_W,500,,,1,0,PRt,W,YOY,,,0.0002061806599084,0.0012663603230628
POA0_PR_W,0,,,0,0,PR,W,YOY,,,2.7326560727348223e-05,0.0032636181845497
PvsPOA_POA100_PVUSA_W,100,,,1,0,PVUSA,W,YOY,,,-0.0005832989260835,0.0009498325480283
POA50_PRt_W,50,,,0,0,PRt,W,YOY,,,-0.0011579190303051,0.0030281171805132
POA500_PRt_W,500,,,0,0,PRt,W,YOY,,,8.256608906460581e-05,0.0009019626881877
POA20_huld_W,20,,,0,0,huld,W,YOY,,,0.0001276021376452,0.000507623117889
PvsPOA_POA500_PVUSA_W,500,,,1,0,PVUSA,W,YOY,,,-0.0001993196993825,0.0003307334817644
POA20_PI_W,20,,,0,0,PI,W,YOY,,,-0.0013568282448699,0.0033267448854574
PvsPOA_POA5_P_W,5,,,1,0,P,W,YOY,,,-0.041730472983697,0.0350270799870761
POA0_PI_W,0,,,0,0,PI,W,YOY,,,-0.0012044210960922,0.0035469699902033
PvsPOA_POA20_PVUSA_W,20,,,1,0,PVUSA,W,YOY,,,-0.0006836331436897,0.0011631380515599
PvsPOA_POA20_P_W,20,,,1,0,P,W,YOY,,,-0.0449188234992425,0.0352677108785212
POA800_PRt_W,800,,,0,0,PRt,W,YOY,,,-0.0001443733744865,0.0014803108741652
POA5_huld_W,5,,,0,0,huld,W,YOY,,,-8.280065181763025e-05,0.0005160673769979
POA5_PI_W,5,,,0,0,PI,W,YOY,,,-0.0011216204442746,0.003565002001842
PvsPOA_POA5_PRt_W,5,,,1,0,PRt,W,YOY,,,-0.0034125362123761,0.0032906808621799
POA200_PVUSA_W,200,,,0,0,PVUSA,W,YOY,,,-0.0004108366619223,0.0005754997145454
PvsPOA_POA0_PR_W,0,,,1,0,PR,W,YOY,,,1.383920242844245e-05,0.0027668435939881
PvsPOA_POA50_PVUSA_W,50,,,1,0,PVUSA,W,YOY,,,-0.0005536853785142,0.0010530694797032
PvsPOA_POA500_huld_W,500,,,1,0,huld,W,YOY,,,-1.4073765181466902e-06,0.0006959037077073
POA200_PR_W,200,,,0,0,PR,W,YOY,,,0.0012311026092488,0.003215591460868
PvsPOA_POA200_huld_W,200,,,1,0,huld,W,YOY,,,3.999294939066844e-05,0.0004884476128292
POA500_huld_W,500,,,0,0,huld,W,YOY,,,-0.0001988505738764,0.000657596678104
POA50_PR_W,50,,,0,0,PR,W,YOY,,,0.0008546293906445,0.002843516293883
PvsPOA_POA100_huld_W,100,,,1,0,huld,W,YOY,,,0.0001695302297484,0.0004399517636414
POA20_PR_W,20,,,0,0,PR,W,YOY,,,0.0002900368441147,0.003409076411769
POA50_PI_W,50,,,0,0,PI,W,YOY,,,-0.0013326682813084,0.0029614133976219
POA100_PI_W,100,,,0,0,PI,W,YOY,,,-0.002254851744824,0.0024938125494676
POA200_huld_W,200,,,0,0,huld,W,YOY,,,0.0001545768542431,0.000445112144208
PvsPOA_POA800_PRt_W,800,,,1,0,PRt,W,YOY,,,-0.000568756035396,0.0015479968885848
POA20_PVUSA_W,20,,,0,0,PVUSA,W,YOY,,,-0.0008209696355855,0.0011789123967008
PvsPOA_POA50_huld_W,50,,,1,0,huld,W,YOY,,,0.0001737523593028,0.0004466661224468
PvsPOA_POA800_P_W,800,,,1,0,P,W,YOY,,,-0.0010445079392178,0.0065184989065494
POA200_PRt_W,200,,,0,0,PRt,W,YOY,,,-0.0013781734553951,0.0015489937802852
PvsPOA_POA800_PR_W,800,,,1,0,PR,W,YOY,,,0.0002178501568714,0.0039738742007078
PvsPOA_POA200_PI_W,200,,,1,0,PI,W,YOY,,,-0.0023343685180993,0.0013469766092428
PvsPOA_POA20_PI_W,20,,,1,0,PI,W,YOY,,,-0.0033928329411221,0.0032625919725053
POA5_PRt_W,5,,,0,0,PRt,W,YOY,,,-0.0011950972266595,0.0034872444492144
PvsPOA_POA100_PR_W,100,,,1,0,PR,W,YOY,,,0.0011179260809145,0.0023779092291294
PvsPOA_POA500_P_W,500,,,1,0,P,W,YOY,,,-0.006992374308347,0.0074435557637895
POA800_huld_W,800,,,0,0,huld,W,YOY,,,-0.0004823489812506,0.0007566847810848
PvsPOA_POA500_PR_W,500,,,1,0,PR,W,YOY,,,0.0008430185343698,0.0023924902362643
PvsPOA_POA800_huld_W,800,,,1,0,huld,W,YOY,,,-0.0002001993097063,0.0009429129468141
PvsPOA_POA5_huld_W,5,,,1,0,huld,W,YOY,,,-8.45598724653136e-05,0.0005583766335746
POA500_PI_W,500,,,0,0,PI,W,YOY,,,0.0001675950870359,0.0011342281922497
POA0_huld_W,0,,,0,0,huld,W,YOY,,,-4.796808299349968e-05,0.0066797021585654
POA5_PR_W,5,,,0,0,PR,W,YOY,,,0.0002324516882472,0.0031509694224097
PvsPOA_POA50_PI_W,50,,,1,0,PI,W,YOY,,,-0.0031217956800023,0.0033170398515511
POA0_P_W,0,,,0,0,P,W,YOY,,,-0.0345768954233339,0.0455886784268196
POA50_P_W,50,,,0,0,P,W,YOY,,,-0.0376043968766204,0.0447965013691678
PvsPOA_POA20_PR_W,20,,,1,0,PR,W,YOY,,,1.1083090080405182e-05,0.0028108241101802
PvsPOA_POA0_PRt_W,0,,,1,0,PRt,W,YOY,,,-0.0034125362123761,0.0034300111374765
PvsPOA_POA200_PVUSA_ME,200,,,1,0,PVUSA,ME,YOY,,,2.980232238769531e-07,3.844499588012695e-06
POA0_P_ME,0,,,0,0,P,ME,YOY,,,0.0,2.9802322387695312e-08
POA50_P_ME,50,,,0,0,P,ME,YOY,,,0.0,2.9802322387695312e-08
POA50_PRt_ME,50,,,0,0,PRt,ME,YOY,,,0.0,5.960464477539064e-08
POA500_PI_ME,500,,,0,0,PI,ME,YOY,,,0.0,0.0
PvsPOA_POA50_PI_ME,50,,,1,0,PI,ME,YOY,,,1.1622905731201172e-06,1.823902130126953e-05
PvsPOA_POA50_PVUSA_ME,50,,,1,0,PVUSA,ME,YOY,,,5.066394805908203e-07,5.8710575103759766e-06
POA100_PVUSA_ME,100,,,0,0,PVUSA,ME,YOY,,,0.0,7.450580596923828e-08
PvsPOA_POA5_PR_ME,5,,,1,0,PR,ME,YOY,,,0.0,1.7762184143066406e-05
PvsPOA_POA0_PVUSA_ME,0,,,1,0,PVUSA,ME,YOY,,,0.0,1.1026859283447266e-06
PvsPOA_POA100_PVUSA_ME,100,,,1,0,PVUSA,ME,YOY,,,7.748603820800781e-07,5.751848220825195e-06
PvsPOA_POA50_huld_ME,50,,,1,0,huld,ME,YOY,,,5.960464477539064e-08,2.60770320892334e-06
PvsPOA_POA800_PRt_ME,800,,,1,0,PRt,ME,YOY,,,0.0,0.0
POA200_huld_ME,200,,,0,0,huld,ME,YOY,,,0.0,2.9802322387695312e-08
POA0_PVUSA_ME,0,,,0,0,PVUSA,ME,YOY,,,0.0,5.960464477539064e-08
PvsPOA_POA500_P_ME,500,,,1,0,P,ME,YOY,,,0.0,0.0
PvsPOA_POA500_PI_ME,500,,,1,0,PI,ME,YOY,,,0.0,8.940696716308595e-08
POA200_PR_ME,200,,,0,0,PR,ME,YOY,,,0.0,0.0
POA5_PR_ME,5,,,0,0,PR,ME,YOY,,,0.0,2.9802322387695312e-08
PvsPOA_POA20_PRt_ME,20,,,1,0,PRt,ME,YOY,,,1.132488250732422e-06,1.0251998901367188e-05
PvsPOA_POA100_P_ME,100,,,1,0,P,ME,YOY,,,0.0,9.35494899749756e-05
PvsPOA_POA5_huld_ME,5,,,1,0,huld,ME,YOY,,,0.0,1.2516975402832031e-06
POA0_PI_ME,0,,,0,0,PI,ME,YOY,,,0.0,5.960464477539064e-08
PvsPOA_POA800_P_ME,800,,,1,0,P,ME,YOY,,,0.0,0.0
POA0_PR_ME,0,,,0,0,PR,ME,YOY,,,0.0,2.9802322387695312e-08
POA200_PRt_ME,200,,,0,0,PRt,ME,YOY,,,0.0,5.960464477539064e-08
PvsPOA_POA50_PR_ME,50,,,1,0,PR,ME,YOY,,,7.152557373046875e-07,1.52587890625e-05
PvsPOA_POA100_PI_ME,100,,,1,0,PI,ME,YOY,,,2.9802322387695312e-08,8.374452590942383e-06
POA50_PVUSA_ME,50,,,0,0,PVUSA,ME,YOY,,,0.0,2.9802322387695312e-08
POA20_PI_ME,20,,,0,0,PI,ME,YOY,,,0.0,5.960464477539064e-08
PvsPOA_POA50_PRt_ME,50,,,1,0,PRt,ME,YOY,,,1.132488250732422e-06,1.7762184143066406e-05
PvsPOA_POA200_huld_ME,200,,,1,0,huld,ME,YOY,,,0.0,9.238719940185548e-07
POA20_huld_ME,20,,,0,0,huld,ME,YOY,,,0.0,1.4901161193847656e-08
POA5_PRt_ME,5,,,0,0,PRt,ME,YOY,,,0.0,5.960464477539064e-08
PvsPOA_POA20_PR_ME,20,,,1,0,PR,ME,YOY,,,0.0,2.2679567337036133e-05
POA0_huld_ME,0,,,0,0,huld,ME,YOY,,,0.0,5.960464477539064e-08
POA5_PI_ME,5,,,0,0,PI,ME,YOY,,,0.0,5.960464477539064e-08
PvsPOA_POA5_PI_ME,5,,,1,0,PI,ME,YOY,,,0.0,1.1205673217773438e-05
POA5_PVUSA_ME,5,,,0,0,PVUSA,ME,YOY,,,0.0,5.960464477539064e-08
PvsPOA_POA20_huld_ME,20,,,1,0,huld,ME,YOY,,,1.96695327758789e-06,3.129243850708008e-06
POA20_PVUSA_ME,20,,,0,0,PVUSA,ME,YOY,,,0.0,4.4703483581542975e-08
POA20_PRt_ME,20,,,0,0,PRt,ME,YOY,,,0.0,5.960464477539064e-08
PvsPOA_POA20_P_ME,20,,,1,0,P,ME,YOY,,,2.980232238769531e-07,0.0001226589083671
POA500_PVUSA_ME,500,,,0,0,PVUSA,ME,YOY,,,0.0,2.9802322387695312e-08
POA500_PRt_ME,500,,,0,0,PRt,ME,YOY,,,0.0,0.0
POA100_PRt_ME,100,,,0,0,PRt,ME,YOY,,,0.0,4.4703483581542975e-08
POA500_huld_ME,500,,,0,0,huld,ME,YOY,,,0.0,0.0
POA20_PR_ME,20,,,0,0,PR,ME,YOY,,,0.0,2.9802322387695312e-08
POA800_PR_ME,800,,,0,0,PR,ME,YOY,,,0.0,0.0
PvsPOA_POA800_PVUSA_ME,800,,,1,0,PVUSA,ME,YOY,,,0.0,1.4901161193847656e-08
POA5_P_ME,5,,,0,0,P,ME,YOY,,,0.0,2.9802322387695312e-08
PvsPOA_POA50_P_ME,50,,,1,0,P,ME,YOY,,,1.4528632164001465e-05,0.0001040399074554
POA200_PI_ME,200,,,0,0,PI,ME,YOY,,,0.0,5.960464477539064e-08
POA0_PRt_ME,0,,,0,0,PRt,ME,YOY,,,0.0,5.960464477539064e-08
PvsPOA_POA0_huld_ME,0,,,1,0,huld,ME,YOY,,,2.9802322387695312e-08,8.791685104370117e-07
POA100_huld_ME,100,,,0,0,huld,ME,YOY,,,0.0,2.9802322387695312e-08
PvsPOA_POA0_PR_ME,0,,,1,0,PR,ME,YOY,,,0.0,8.791685104370117e-07
PvsPOA_POA500_PVUSA_ME,500,,,1,0,PVUSA,ME,YOY,,,0.0,1.043081283569336e-07
PvsPOA_POA0_PRt_ME,0,,,1,0,PRt,ME,YOY,,,0.0,1.5020370483398438e-05
POA100_PI_ME,100,,,0,0,PI,ME,YOY,,,0.0,2.9802322387695312e-08
POA500_PR_ME,500,,,0,0,PR,ME,YOY,,,0.0,0.0
POA5_huld_ME,5,,,0,0,huld,ME,YOY,,,0.0,2.9802322387695312e-08
PvsPOA_POA200_PI_ME,200,,,1,0,PI,ME,YOY,,,0.0,4.529953002929688e-06
PvsPOA_POA0_P_ME,0,,,1,0,P,ME,YOY,,,2.980232238769531e-07,8.359551429748535e-05
PvsPOA_POA200_PR_ME,200,,,1,0,PR,ME,YOY,,,0.0,1.3902783393859863e-05
POA200_PVUSA_ME,200,,,0,0,PVUSA,ME,YOY,,,0.0,2.9802322387695312e-08
PvsPOA_POA200_P_ME,200,,,1,0,P,ME,YOY,,,0.0,1.4543533325195312e-05
PvsPOA_POA200_PRt_ME,200,,,1,0,PRt,ME,YOY,,,0.0,5.082273092426237e-06
POA800_PRt_ME,800,,,0,0,PRt,ME,YOY,,,0.0,0.0
POA800_huld_ME,800,,,0,0,huld,ME,YOY,,,0.0,0.0
PvsPOA_POA500_huld_ME,500,,,1,0,huld,ME,YOY,,,0.0,4.4703483581542975e-08
POA50_huld_ME,50,,,0,0,huld,ME,YOY,,,0.0,2.9802322387695312e-08
PvsPOA_POA20_PI_ME,20,,,1,0,PI,ME,YOY,,,1.0728836059570312e-06,1.1488795280456545e-05
POA100_P_ME,100,,,0,0,P,ME,YOY,,,0.0,5.960464477539064e-08
PvsPOA_POA5_PVUSA_ME,5,,,1,0,PVUSA,ME,YOY,,,0.0,8.970499038696289e-06
PvsPOA_POA800_huld_ME,800,,,1,0,huld,ME,YOY,,,0.0,0.0
POA50_PR_ME,50,,,0,0,PR,ME,YOY,,,0.0,0.0
POA800_PVUSA_ME,800,,,0,0,PVUSA,ME,YOY,,,0.0,0.0
POA800_P_ME,800,,,0,0,P,ME,YOY,,,0.0,0.0
PvsPOA_POA500_PR_ME,500,,,1,0,PR,ME,YOY,,,0.0,2.9802322387695312e-08
PvsPOA_POA5_PRt_ME,5,,,1,0,PRt,ME,YOY,,,0.0,1.2040138244628906e-05
POA200_P_ME,200,,,0,0,P,ME,YOY,,,0.0,2.9802322387695312e-08
PvsPOA_POA0_PI_ME,0,,,1,0,PI,ME,YOY,,,0.0,1.3083219528198242e-05
POA100_PR_ME,100,,,0,0,PR,ME,YOY,,,0.0,2.9802322387695312e-08
POA800_PI_ME,800,,,0,0,PI,ME,YOY,,,0.0,0.0
PvsPOA_POA20_PVUSA_ME,20,,,1,0,PVUSA,ME,YOY,,,0.0,1.0460615158081056e-05
PvsPOA_POA5_P_ME,5,,,1,0,P,ME,YOY,,,0.0,1.679360866546631e-05
PvsPOA_POA100_huld_ME,100,,,1,0,huld,ME,YOY,,,0.0,2.056360244750977e-06
PvsPOA_POA800_PI_ME,800,,,1,0,PI,ME,YOY,,,0.0,0.0
PvsPOA_POA500_PRt_ME,500,,,1,0,PRt,ME,YOY,,,0.0,7.450580596923828e-08
POA20_P_ME,20,,,0,0,P,ME,YOY,,,0.0,2.9802322387695312e-08
PvsPOA_POA100_PR_ME,100,,,1,0,PR,ME,YOY,,,0.0,9.968876838684082e-06
PvsPOA_POA800_PR_ME,800,,,1,0,PR,ME,YOY,,,0.0,0.0
PvsPOA_POA100_PRt_ME,100,,,1,0,PRt,ME,YOY,,,2.9802322387695312e-08,6.464823999040114e-06
POA500_P_ME,500,,,0,0,P,ME,YOY,,,0.0,0.0
POA50_PI_ME,50,,,0,0,PI,ME,YOY,,,0.0,5.960464477539064e-08
POA20_PR_D,20,,,0,0,PR,D,YOY,,,0.0,0.0
POA0_PR_D,0,,,0,0,PR,D,YOY,,,0.0,0.0
PvsPOA_POA800_PVUSA_D,800,,,1,0,PVUSA,D,YOY,,,0.0,0.0
POA800_PR_D,800,,,0,0,PR,D,YOY,,,0.0,0.0
PvsPOA_POA100_P_D,100,,,1,0,P,D,YOY,,,0.0,0.0
POA20_PRt_D,20,,,0,0,PRt,D,YOY,,,0.0,0.0
PvsPOA_POA5_P_D,5,,,1,0,P,D,YOY,,,0.0,0.0
POA50_PR_D,50,,,0,0,PR,D,YOY,,,0.0,0.0
PvsPOA_POA200_PI_D,200,,,1,0,PI,D,YOY,,,0.0,0.0
PvsPOA_POA500_PVUSA_D,500,,,1,0,PVUSA,D,YOY,,,0.0,0.0
PvsPOA_POA0_PVUSA_D,0,,,1,0,PVUSA,D,YOY,,,0.0,0.0
PvsPOA_POA500_huld_D,500,,,1,0,huld,D,YOY,,,0.0,0.0
PvsPOA_POA100_PR_D,100,,,1,0,PR,D,YOY,,,0.0,0.0
POA200_PRt_D,200,,,0,0,PRt,D,YOY,,,0.0,0.0
PvsPOA_POA20_P_D,20,,,1,0,P,D,YOY,,,0.0,0.0
POA800_PRt_D,800,,,0,0,PRt,D,YOY,,,0.0,0.0
POA50_PRt_D,50,,,0,0,PRt,D,YOY,,,0.0,0.0
PvsPOA_POA800_PR_D,800,,,1,0,PR,D,YOY,,,0.0,0.0
POA0_PRt_D,0,,,0,0,PRt,D,YOY,,,0.0,0.0
PvsPOA_POA5_PR_D,5,,,1,0,PR,D,YOY,,,0.0,0.0
PvsPOA_POA500_P_D,500,,,1,0,P,D,YOY,,,0.0,0.0
POA5_P_D,5,,,0,0,P,D,YOY,,,0.0,0.0
PvsPOA_POA800_PRt_D,800,,,1,0,PRt,D,YOY,,,0.0,0.0
POA100_PI_D,100,,,0,0,PI,D,YOY,,,0.0,0.0
PvsPOA_POA20_huld_D,20,,,1,0,huld,D,YOY,,,0.0,0.0
PvsPOA_POA0_huld_D,0,,,1,0,huld,D,YOY,,,0.0,0.0
POA50_PI_D,50,,,0,0,PI,D,YOY,,,0.0,0.0
PvsPOA_POA200_PRt_D,200,,,1,0,PRt,D,YOY,,,0.0,0.0
PvsPOA_POA50_PR_D,50,,,1,0,PR,D,YOY,,,0.0,0.0
PvsPOA_POA20_PR_D,20,,,1,0,PR,D,YOY,,,0.0,0.0
POA100_PVUSA_D,100,,,0,0,PVUSA,D,YOY,,,0.0,0.0
PvsPOA_POA5_PVUSA_D,5,,,1,0,PVUSA,D,YOY,,,0.0,0.0
PvsPOA_POA500_PRt_D,500,,,1,0,PRt,D,YOY,,,0.0,0.0
POA200_huld_D,200,,,0,0,huld,D,YOY,,,0.0,0.0
POA20_PI_D,20,,,0,0,PI,D,YOY,,,0.0,0.0
PvsPOA_POA100_huld_D,100,,,1,0,huld,D,YOY,,,0.0,0.0
PvsPOA_POA0_PR_D,0,,,1,0,PR,D,YOY,,,0.0,0.0
PvsPOA_POA800_P_D,800,,,1,0,P,D,YOY,,,0.0,0.0
POA200_PR_D,200,,,0,0,PR,D,YOY,,,0.0,0.0
POA50_P_D,50,,,0,0,P,D,YOY,,,0.0,0.0
POA100_huld_D,100,,,0,0,huld,D,YOY,,,0.0,0.0
PvsPOA_POA200_huld_D,200,,,1,0,huld,D,YOY,,,0.0,0.0
POA0_PVUSA_D,0,,,0,0,PVUSA,D,YOY,,,0.0,0.0
PvsPOA_POA5_huld_D,5,,,1,0,huld,D,YOY,,,0.0,0.0
PvsPOA_POA50_PI_D,50,,,1,0,PI,D,YOY,,,0.0,0.0
PvsPOA_POA5_PRt_D,5,,,1,0,PRt,D,YOY,,,0.0,0.0
PvsPOA_POA0_P_D,0,,,1,0,P,D,YOY,,,0.0,0.0
POA5_PRt_D,5,,,0,0,PRt,D,YOY,,,0.0,0.0
POA800_PI_D,800,,,0,0,PI,D,YOY,,,0.0,0.0
POA500_huld_D,500,,,0,0,huld,D,YOY,,,0.0,0.0
POA500_PR_D,500,,,0,0,PR,D,YOY,,,0.0,0.0
POA500_PI_D,500,,,0,0,PI,D,YOY,,,0.0,0.0
POA5_PVUSA_D,5,,,0,0,PVUSA,D,YOY,,,0.0,0.0
PvsPOA_POA500_PI_D,500,,,1,0,PI,D,YOY,,,0.0,0.0
POA5_huld_D,5,,,0,0,huld,D,YOY,,,0.0,0.0
POA200_PI_D,200,,,0,0,PI,D,YOY,,,0.0,0.0
PvsPOA_POA20_PVUSA_D,20,,,1,0,PVUSA,D,YOY,,,0.0,0.0
PvsPOA_POA200_PR_D,200,,,1,0,PR,D,YOY,,,0.0,0.0
POA0_huld_D,0,,,0,0,huld,D,YOY,,,0.0,0.0
POA800_PVUSA_D,800,,,0,0,PVUSA,D,YOY,,,0.0,0.0
PvsPOA_POA20_PRt_D,20,,,1,0,PRt,D,YOY,,,0.0,0.0
PvsPOA_POA200_P_D,200,,,1,0,P,D,YOY,,,0.0,0.0
PvsPOA_POA200_PVUSA_D,200,,,1,0,PVUSA,D,YOY,,,0.0,0.0
PvsPOA_POA50_huld_D,50,,,1,0,huld,D,YOY,,,0.0,0.0
POA500_PRt_D,500,,,0,0,PRt,D,YOY,,,0.0,0.0
PvsPOA_POA800_huld_D,800,,,1,0,huld,D,YOY,,,0.0,0.0
POA5_PR_D,5,,,0,0,PR,D,YOY,,,0.0,0.0
PvsPOA_POA50_P_D,50,,,1,0,P,D,YOY,,,0.0,0.0
PvsPOA_POA0_PRt_D,0,,,1,0,PRt,D,YOY,,,0.0,0.0
PvsPOA_POA5_PI_D,5,,,1,0,PI,D,YOY,,,0.0,0.0
POA800_huld_D,800,,,0,0,huld,D,YOY,,,0.0,0.0
POA100_PRt_D,100,,,0,0,PRt,D,YOY,,,0.0,0.0
PvsPOA_POA100_PRt_D,100,,,1,0,PRt,D,YOY,,,0.0,0.0
POA500_P_D,500,,,0,0,P,D,YOY,,,0.0,0.0
POA20_P_D,20,,,0,0,P,D,YOY,,,0.0,0.0
POA200_P_D,200,,,0,0,P,D,YOY,,,0.0,0.0
PvsPOA_POA800_PI_D,800,,,1,0,PI,D,YOY,,,0.0,0.0
POA100_PR_D,100,,,0,0,PR,D,YOY,,,0.0,0.0
PvsPOA_POA500_PR_D,500,,,1,0,PR,D,YOY,,,0.0,0.0
PvsPOA_POA50_PRt_D,50,,,1,0,PRt,D,YOY,,,0.0,0.0
PvsPOA_POA100_PVUSA_D,100,,,1,0,PVUSA,D,YOY,,,0.0,0.0
PvsPOA_POA0_PI_D,0,,,1,0,PI,D,YOY,,,0.0,0.0
POA0_PI_D,0,,,0,0,PI,D,YOY,,,0.0,0.0
POA0_P_D,0,,,0,0,P,D,YOY,,,0.0,0.0
POA20_PVUSA_D,20,,,0,0,PVUSA,D,YOY,,,0.0,0.0
POA50_PVUSA_D,50,,,0,0,PVUSA,D,YOY,,,0.0,0.0
POA500_PVUSA_D,500,,,0,0,PVUSA,D,YOY,,,0.0,0.0
POA20_huld_D,20,,,0,0,huld,D,YOY,,,0.0,0.0
PvsPOA_POA20_PI_D,20,,,1,0,PI,D,YOY,,,0.0,0.0
POA50_huld_D,50,,,0,0,huld,D,YOY,,,0.0,0.0
POA5_PI_D,5,,,0,0,PI,D,YOY,,,0.0,0.0
POA200_PVUSA_D,200,,,0,0,PVUSA,D,YOY,,,0.0,0.0
POA100_P_D,100,,,0,0,P,D,YOY,,,0.0,0.0
POA800_P_D,800,,,0,0,P,D,YOY,,,0.0,0.0
PvsPOA_POA50_PVUSA_D,50,,,1,0,PVUSA,D,YOY,,,0.0,0.0
PvsPOA_POA100_PI_D,100,,,1,0,PI,D,YOY,,,0.0,0.0
POA0_huld_D,0,,,0,0,huld,D,OLSLR,-0.0003097912316302,0.8694051782039854,-0.000356325496324,0.0023750796836394
POA0_huld_D,0,,,0,0,huld,D,RLR,-0.0001385170374314,0.8735478546751737,-0.0001585683448137,0.0023287963100015
POA0_PI_D,0,,,0,0,PI,D,OLSLR,0.0001091428252677,0.908441586881144,0.0001201429204077,0.0022218730502645
POA0_PI_D,0,,,0,0,PI,D,RLR,0.0002338890831902,0.9142852391090852,0.0002558163176932,0.0020488182384265
POA0_PRt_D,0,,,0,0,PRt,D,OLSLR,0.0001081045863246,0.9075281768753484,0.0001191198125625,0.002213042607769
POA0_PRt_D,0,,,0,0,PRt,D,RLR,0.0002350696990721,0.9134586737834433,0.0002573402670735,0.0020336981244122
POA0_PR_D,0,,,0,0,PR,D,OLSLR,-0.000589354266038,0.9196349242167148,-0.0006408567688314,0.0017125263762802
POA0_PR_D,0,,,0,0,PR,D,RLR,-0.0004686768563954,0.924766590197577,-0.0005068055673327,0.0015084321119808
POA0_PVUSA_D,0,,,0,0,PVUSA,D,OLSLR,0.0002560077764142,0.9628631555610364,0.0002658817869763,0.0015451487510117
POA0_PVUSA_D,0,,,0,0,PVUSA,D,RLR,0.0004042029848754,0.9735242538071888,0.0004151955981525,0.0009869871099189
POA0_P_D,0,,,0,0,P,D,OLSLR,-0.4957132534258497,665.3634820040008,-0.0007450262402932,0.0160729651468627
POA0_P_D,0,,,0,0,P,D,RLR,-0.4847115808659804,665.0592311434277,-0.0007288246793185,0.0161531635589844
POA100_huld_D,100,,,0,0,huld,D,OLSLR,0.000165866956761,1.0015909989656604,0.0001656034817928,0.0002027696126178
POA100_huld_D,100,,,0,0,huld,D,RLR,0.0001522707550741,1.0012816983342316,0.0001520758397237,0.0001982356158575
POA100_PI_D,100,,,0,0,PI,D,OLSLR,0.0002827082025922,0.931514807811054,0.0003034929774832,0.0015232205487702
POA100_PI_D,100,,,0,0,PI,D,RLR,0.0003212914509349,0.9342238748264572,0.0003439126954389,0.0015276149729796
POA100_PRt_D,100,,,0,0,PRt,D,OLSLR,0.0002829730686052,0.9310590052921496,0.0003039260315369,0.001515054981142
POA100_PRt_D,100,,,0,0,PRt,D,RLR,0.0003221159485325,0.9337774542089924,0.0003449600834552,0.0015172564243178
POA100_PR_D,100,,,0,0,PR,D,OLSLR,-0.0004517192062077,0.9419868622788804,-0.0004795387539852,0.0011661089074441
POA100_PR_D,100,,,0,0,PR,D,RLR,-0.0003695624031374,0.9421877441209384,-0.000392238601535,0.0011842568010905
POA100_PVUSA_D,100,,,0,0,PVUSA,D,OLSLR,0.0004110236311305,0.980771005091136,0.0004190821598486,0.0008926297862142
POA100_PVUSA_D,100,,,0,0,PVUSA,D,RLR,0.0004236661808946,0.9866713883556636,0.0004293893447146,0.0006480308048849
POA100_P_D,100,,,0,0,P,D,OLSLR,-0.1739612273851345,703.4221662955028,-0.0002473070024239,0.014880057107031
POA100_P_D,100,,,0,0,P,D,RLR,-0.1581562551691698,702.9399389859017,-0.0002249925582509,0.0151037096093772
POA200_huld_D,200,,,0,0,huld,D,OLSLR,0.0001831695781444,1.0004662144781566,0.0001830842216295,0.0001729647341339
POA200_huld_D,200,,,0,0,huld,D,RLR,0.0001879440281711,1.0004172162884823,0.0001878656475629,0.0001818189994021
POA200_PI_D,200,,,0,0,PI,D,OLSLR,0.0001555016631301,0.9558163744014372,0.0001626898924257,0.0009090968681853
POA200_PI_D,200,,,0,0,PI,D,RLR,0.0001878056733742,0.9569187043699104,0.0001962608448519,0.0009455658483533
POA200_PRt_D,200,,,0,0,PRt,D,OLSLR,0.0001556821620191,0.9555595049397628,0.0001629225194395,0.0009041579042056
POA200_PRt_D,200,,,0,0,PRt,D,RLR,0.0001877097077515,0.9566720487062892,0.0001962111342182,0.0009386889834902
POA200_PR_D,200,,,0,0,PR,D,OLSLR,-0.0007311923473673,0.960659425479466,-0.0007611358697723,0.0010058667275537
POA200_PR_D,200,,,0,0,PR,D,RLR,-0.0006593697554148,0.9595523822263904,-0.0006871638981135,0.0010346601892704
POA200_PVUSA_D,200,,,0,0,PVUSA,D,OLSLR,0.0002580894877138,0.9917504876116215,0.0002602363103801,0.0004330023893457
POA200_PVUSA_D,200,,,0,0,PVUSA,D,RLR,0.00028480344123,0.9939620385443352,0.000286533519577,0.0003585612661733
POA200_P_D,200,,,0,0,P,D,OLSLR,-0.6739284692487839,818.6630818566684,-0.0008232061322716,0.0114742488171326
POA200_P_D,200,,,0,0,P,D,RLR,-0.6618464680776279,817.6811226311901,-0.0008094187939032,0.0120611246167061
POA20_huld_D,20,,,0,0,huld,D,OLSLR,0.0001411712258726,1.0002099331672392,0.0001411415955704,0.0001921393994943
POA20_huld_D,20,,,0,0,huld,D,RLR,0.0001348005456618,0.9999090830526228,0.0001348128024302,0.0001912606191369
POA20_PI_D,20,,,0,0,PI,D,OLSLR,0.0001472102889287,0.9131227693689882,0.0001612163159949,0.0020640241562913
POA20_PI_D,20,,,0,0,PI,D,RLR,0.0002545294162434,0.9183794240855102,0.0002771506085264,0.0019295802367268
POA20_PRt_D,20,,,0,0,PRt,D,OLSLR,0.0001466086556408,0.9123287890388806,0.0001606971712415,0.0020544025904086
POA20_PRt_D,20,,,0,0,PRt,D,RLR,0.0002547212971319,0.917596218589305,0.0002775962803373,0.0019204935954915
POA20_PR_D,20,,,0,0,PR,D,OLSLR,-0.0005504491677072,0.92447965507316,-0.0005954151231848,0.001574506033175
POA20_PR_D,20,,,0,0,PR,D,RLR,-0.0004526715675456,0.928292695348624,-0.0004876388339732,0.0014482801277218
POA20_PVUSA_D,20,,,0,0,PVUSA,D,OLSLR,0.0002979499766852,0.9676448058987592,0.0003079125469066,0.0013843811699891
POA20_PVUSA_D,20,,,0,0,PVUSA,D,RLR,0.0004077031961026,0.9773361112042253,0.0004171576097809,0.0008904374510626
POA20_P_D,20,,,0,0,P,D,OLSLR,-0.488247856549816,667.5348922149443,-0.0007314192295323,0.0160045925497599
POA20_P_D,20,,,0,0,P,D,RLR,-0.4770064360880854,667.2350901260634,-0.0007149001051457,0.0160758396717777
POA500_huld_D,500,,,0,0,huld,D,OLSLR,6.559709377697914e-05,0.9998211564814168,6.560882749053767e-05,0.0002137553209365
POA500_huld_D,500,,,0,0,huld,D,RLR,8.350339646862547e-05,0.999759442292791,8.352348868756225e-05,0.0002306741941553
POA500_PI_D,500,,,0,0,PI,D,OLSLR,-1.6030795280670305e-05,0.9885269006372178,-1.621685284470927e-05,0.0003664274308488
POA500_PI_D,500,,,0,0,PI,D,RLR,-3.401652052671504e-05,0.9885618554711906,-3.441010831891882e-05,0.0003795202269817
POA500_PRt_D,500,,,0,0,PRt,D,OLSLR,-1.5944611913842285e-05,0.988484848501008,-1.6130355400005937e-05,0.0003652657228192
POA500_PRt_D,500,,,0,0,PRt,D,RLR,-3.378902098210754e-05,0.9885234086187932,-3.418130586236597e-05,0.0003786478651122
POA500_PR_D,500,,,0,0,PR,D,OLSLR,-0.0009830200265621,0.9701264634498162,-0.0010132906003475,0.0012671950537944
POA500_PR_D,500,,,0,0,PR,D,RLR,-0.0008564005393465,0.9680691915276426,-0.0008846480673505,0.0012586790087843
POA500_PVUSA_D,500,,,0,0,PVUSA,D,OLSLR,8.650908234486017e-05,0.9988453348112258,8.660908684246869e-05,0.0001676375619358
POA500_PVUSA_D,500,,,0,0,PVUSA,D,RLR,8.55666326168398e-05,0.9992060899138916,8.563461880442868e-05,0.0001529427627747
POA500_P_D,500,,,0,0,P,D,OLSLR,-3.607936316055869,1174.1219892325423,-0.0030728802876898,0.0055458470044558
POA500_P_D,500,,,0,0,P,D,RLR,-3.712680231944854,1173.4205802592412,-0.0031639808389287,0.0057113430017558
POA50_huld_D,50,,,0,0,huld,D,OLSLR,0.0001518346219799,1.0014868428656003,0.0001516092029182,0.0001946527334804
POA50_huld_D,50,,,0,0,huld,D,RLR,0.0001431496305126,1.001203167329503,0.00014297760453,0.0001914932055167
POA50_PI_D,50,,,0,0,PI,D,OLSLR,0.0001803788071239,0.9200430220384216,0.0001960547526618,0.0018684619526827
POA50_PI_D,50,,,0,0,PI,D,RLR,0.0002819448127018,0.9244700819619968,0.0003049799211494,0.001771978984067
POA50_PRt_D,50,,,0,0,PRt,D,OLSLR,0.0001806521417256,0.9194096357720576,0.0001964871094416,0.0018589025328195
POA50_PRt_D,50,,,0,0,PRt,D,RLR,0.0002819175643089,0.923813109979664,0.0003051673128076,0.0017620914004582
POA50_PR_D,50,,,0,0,PR,D,OLSLR,-0.0005190268463429,0.9313598057776178,-0.0005572785545642,0.0014093633346478
POA50_PR_D,50,,,0,0,PR,D,RLR,-0.0004119966373227,0.9337883839694332,-0.0004412098548189,0.0013410665063032
POA50_PVUSA_D,50,,,0,0,PVUSA,D,OLSLR,0.0003316795231698,0.9736466989107764,0.0003406569585671,0.0012021008687063
POA50_PVUSA_D,50,,,0,0,PVUSA,D,RLR,0.0004271961783992,0.9821773788239376,0.000434948093501,0.0007790056947832
POA50_P_D,50,,,0,0,P,D,OLSLR,-0.4793765586316015,675.1869204585493,-0.0007099908841629,0.0157769730214822
POA50_P_D,50,,,0,0,P,D,RLR,-0.4682956504918516,674.8729758172475,-0.0006939019152822,0.0158636286335928
POA5_huld_D,5,,,0,0,huld,D,OLSLR,0.0001046054624439,0.9968457182048704,0.0001049364616144,0.0001564051770925
POA5_huld_D,5,,,0,0,huld,D,RLR,0.000106402163662,0.9967791588742272,0.0001067459754899,0.0001652318463166
POA5_PI_D,5,,,0,0,PI,D,OLSLR,0.000115734433165,0.9088357332888582,0.0001273436209932,0.0022093781549136
POA5_PI_D,5,,,0,0,PI,D,RLR,0.0002379672178974,0.914663598457943,0.0002601691138672,0.0020408510988632
POA5_PRt_D,5,,,0,0,PRt,D,OLSLR,0.0001148582591463,0.9079334220392,0.0001265051559489,0.0022004614331265
POA5_PRt_D,5,,,0,0,PRt,D,RLR,0.0002382688581535,0.9138155340052958,0.0002607406520101,0.0020268249839175
POA5_PR_D,5,,,0,0,PR,D,OLSLR,-0.0005825164164735,0.9200427008676796,-0.0006331406313252,0.0017020055836645
POA5_PR_D,5,,,0,0,PR,D,RLR,-0.0004642613738141,0.9250821844123824,-0.0005018595986788,0.0015029689729775
POA5_PVUSA_D,5,,,0,0,PVUSA,D,OLSLR,0.0002632730611103,0.9632836328826432,0.0002733079356103,0.0015326662563301
POA5_PVUSA_D,5,,,0,0,PVUSA,D,RLR,0.0004063246718687,0.973898577335729,0.0004172145655867,0.0009769666956657
POA5_P_D,5,,,0,0,P,D,OLSLR,-0.4935208281969235,665.5503257215945,-0.0007415229309096,0.0160669849480475
POA5_P_D,5,,,0,0,P,D,RLR,-0.4824771989538283,665.24671553083,-0.0007252605502438,0.0161472005322549
POA800_huld_D,800,,,0,0,huld,D,OLSLR,-1.4947517734968917e-05,0.9997603292341968,-1.4951101076813595e-05,0.0002566697550667
POA800_huld_D,800,,,0,0,huld,D,RLR,-1.0182051815726262e-05,0.9995625256894104,-1.0186508151357092e-05,0.0002648538739895
POA800_PI_D,800,,,0,0,PI,D,OLSLR,0.0001215315188634,0.9999781821317903,0.0001215341704799,0.0003818032437917
POA800_PI_D,800,,,0,0,PI,D,RLR,0.0001247681316656,0.9997443902131088,0.0001248000317752,0.0003902324797188
POA800_PRt_D,800,,,0,0,PRt,D,OLSLR,0.0001215763594191,0.9999748592385598,0.0001215794160182,0.0003816875263855
POA800_PRt_D,800,,,0,0,PRt,D,RLR,0.0001248023475143,0.9997411177861018,0.0001248346649887,0.0003899694534762
POA800_PR_D,800,,,0,0,PR,D,OLSLR,-0.0011837101138341,0.9502922148310938,-0.0012456274979002,0.0016884457816788
POA800_PR_D,800,,,0,0,PR,D,RLR,-0.0011125416959749,0.9489838111450156,-0.0011723505532012,0.0016296904597725
POA800_PVUSA_D,800,,,0,0,PVUSA,D,OLSLR,2.468809081125704e-05,0.9996344507159004,2.469711882536297e-05,0.0001228239818561
POA800_PVUSA_D,800,,,0,0,PVUSA,D,RLR,2.6193115925222422e-05,0.9998045584684412,2.6198236148619447e-05,0.000115848295184
POA800_P_D,800,,,0,0,P,D,OLSLR,-1.2805420446973743,1500.65184776242,-0.0008533238716273,0.0027494133112719
POA800_P_D,800,,,0,0,P,D,RLR,-1.281301669139264,1499.6347739789544,-0.0008544091477284,0.0028165589602639
PvsPOA_POA0_huld_D,0,,,1,0,huld,D,OLSLR,0.0001886857089294,0.9998285939830496,0.0001887180563398,0.0002179066830786
PvsPOA_POA0_huld_D,0,,,1,0,huld,D,RLR,0.0001431335003781,0.9999550781788364,0.0001431399304844,0.0001992434816845
PvsPOA_POA0_PI_D,0,,,1,0,PI,D,OLSLR,0.0004494229616909,0.911881098961744,0.0004928525903241,0.0020726102683969
PvsPOA_POA0_PI_D,0,,,1,0,PI,D,RLR,0.0005858694278325,0.91650150615628,0.0006392454610245,0.0019707470705975
PvsPOA_POA0_PRt_D,0,,,1,0,PRt,D,OLSLR,0.000450387319024,0.9111143790294935,0.0004943257722524,0.0020631582285166
PvsPOA_POA0_PRt_D,0,,,1,0,PRt,D,RLR,0.0005861422663676,0.9157069178178152,0.0006400981088626,0.0019601522179824
PvsPOA_POA0_PR_D,0,,,1,0,PR,D,OLSLR,-0.0003002128631414,0.9233663642697828,-0.0003251286539756,0.0014921400050366
PvsPOA_POA0_PR_D,0,,,1,0,PR,D,RLR,-0.0003114427614008,0.928456767248261,-0.000335441317665,0.0013511371888924
PvsPOA_POA0_PVUSA_D,0,,,1,0,PVUSA,D,OLSLR,0.0004492611468659,0.9670636026194884,0.0004645621504614,0.0013812684414859
PvsPOA_POA0_PVUSA_D,0,,,1,0,PVUSA,D,RLR,0.000615159521406,0.9753399893834452,0.0006307129084238,0.0009782648186472
PvsPOA_POA0_P_D,0,,,1,0,P,D,OLSLR,1.642967673046796,654.792292395531,0.0025091432689839,0.0164642417478821
PvsPOA_POA0_P_D,0,,,1,0,P,D,RLR,1.6493455465002271,654.5736157481706,0.0025197250650181,0.0165978174235456
PvsPOA_POA100_huld_D,100,,,1,0,huld,D,OLSLR,0.0001866131957455,1.0011896352516063,0.0001863914578966,0.0002202940794282
PvsPOA_POA100_huld_D,100,,,1,0,huld,D,RLR,0.000151481265673,1.001212560322979,0.0001512978079541,0.0002047830828359
PvsPOA_POA100_PI_D,100,,,1,0,PI,D,OLSLR,0.0005539188413442,0.9311037218274046,0.0005949056247537,0.0015201963182563
PvsPOA_POA100_PI_D,100,,,1,0,PI,D,RLR,0.0006105676630781,0.9333094868841316,0.0006541963535766,0.0015464411037543
PvsPOA_POA100_PRt_D,100,,,1,0,PRt,D,OLSLR,0.000554788931983,0.9306778800907216,0.0005961127301413,0.0015127382739233
PvsPOA_POA100_PRt_D,100,,,1,0,PRt,D,RLR,0.0006122213634323,0.9328856503356732,0.0006562662457205,0.0015394947150193
PvsPOA_POA100_PR_D,100,,,1,0,PR,D,OLSLR,-0.0002497999600921,0.9415791303336656,-0.0002652989558122,0.0010689510565874
PvsPOA_POA100_PR_D,100,,,1,0,PR,D,RLR,-0.0002774130925881,0.942857893203008,-0.0002942257731392,0.0011022182308088
PvsPOA_POA100_PVUSA_D,100,,,1,0,PVUSA,D,OLSLR,0.0005396502345007,0.9805115949483776,0.0005503761885948,0.0008815916956567
PvsPOA_POA100_PVUSA_D,100,,,1,0,PVUSA,D,RLR,0.0005959079228366,0.985384536816418,0.0006047465741262,0.0007015914972416
PvsPOA_POA100_P_D,100,,,1,0,P,D,OLSLR,2.03590363964732,693.7924858551013,0.0029344561683138,0.0152015072149769
PvsPOA_POA100_P_D,100,,,1,0,P,D,RLR,2.074433625784136,693.3034519972347,0.0029921005294409,0.015506992152846
PvsPOA_POA200_huld_D,200,,,1,0,huld,D,OLSLR,0.0002228486163097,0.9998875908688672,0.0002228736693452,0.0001906136655533
PvsPOA_POA200_huld_D,200,,,1,0,huld,D,RLR,0.0002010798400784,1.0000942455487858,0.0002010608909843,0.0001869770173585
PvsPOA_POA200_PI_D,200,,,1,0,PI,D,OLSLR,0.0003957700655234,0.9562982367783636,0.0004138563162646,0.0008891679555214
PvsPOA_POA200_PI_D,200,,,1,0,PI,D,RLR,0.0004443148511749,0.9570227433711566,0.0004642678078995,0.0009326847474153
PvsPOA_POA200_PRt_D,200,,,1,0,PRt,D,OLSLR,0.0003956202425254,0.9560551247175212,0.0004138048448224,0.0008845262629541
PvsPOA_POA200_PRt_D,200,,,1,0,PRt,D,RLR,0.0004436969621976,0.9567819198856822,0.0004637388656452,0.000926480790773
PvsPOA_POA200_PR_D,200,,,1,0,PR,D,OLSLR,-0.000615499679004,0.9606837980334602,-0.0006406891427376,0.0009340945972312
PvsPOA_POA200_PR_D,200,,,1,0,PR,D,RLR,-0.0006815236153546,0.96061120451409,-0.0007094687342309,0.0010151531431365
PvsPOA_POA200_PVUSA_D,200,,,1,0,PVUSA,D,OLSLR,0.0003718633342222,0.9918033121564724,0.0003749365722662,0.0004223881468801
PvsPOA_POA200_PVUSA_D,200,,,1,0,PVUSA,D,RLR,0.0003848159022957,0.993834659144022,0.0003872031416445,0.0003583938456339
PvsPOA_POA200_P_D,200,,,1,0,P,D,OLSLR,1.77826322484686,817.9724804333047,0.0021739890612271,0.0114217956116792
PvsPOA_POA200_P_D,200,,,1,0,P,D,RLR,1.970147863871828,816.1707879421754,0.0024138916670115,0.0122035745411245
PvsPOA_POA20_huld_D,20,,,1,0,huld,D,OLSLR,0.0001390949726163,1.0005619007795006,0.0001390168589349,0.0002243303435059
PvsPOA_POA20_huld_D,20,,,1,0,huld,D,RLR,0.0001217059439285,1.0006261325464216,0.0001216297875599,0.0002017915270229
PvsPOA_POA20_PI_D,20,,,1,0,PI,D,OLSLR,0.0003943266106207,0.9131676438930116,0.0004318228019333,0.0020331034445126
PvsPOA_POA20_PI_D,20,,,1,0,PI,D,RLR,0.0005495372548479,0.91770807071146,0.0005988148872025,0.0019290513850046
PvsPOA_POA20_PRt_D,20,,,1,0,PRt,D,OLSLR,0.0003951631403521,0.9124261580961754,0.000433090543104,0.0020235662000315
PvsPOA_POA20_PRt_D,20,,,1,0,PRt,D,RLR,0.000549602357419,0.916936892086734,0.0005993895132393,0.0019173340093045
PvsPOA_POA20_PR_D,20,,,1,0,PR,D,OLSLR,-0.0003546640939631,0.9246873580942448,-0.0003835502787602,0.0014532044738559
PvsPOA_POA20_PR_D,20,,,1,0,PR,D,RLR,-0.000326453893606,0.92932160129897,-0.0003512819385127,0.0013283274044173
PvsPOA_POA20_PVUSA_D,20,,,1,0,PVUSA,D,OLSLR,0.0003986974552229,0.9683006751386544,0.0004117496408498,0.00134191645303
PvsPOA_POA20_PVUSA_D,20,,,1,0,PVUSA,D,RLR,0.0005889457647046,0.9763536881378548,0.0006032094433195,0.0009543281465178
PvsPOA_POA20_P_D,20,,,1,0,P,D,OLSLR,1.5236731117958024,655.5953092291076,0.0023241061831077,0.0164405528689238
PvsPOA_POA20_P_D,20,,,1,0,P,D,RLR,1.528430293280241,655.3847532875023,0.002332111459129,0.0165740696220818
PvsPOA_POA500_huld_D,500,,,1,0,huld,D,OLSLR,6.817130457720713e-05,0.999700620225414,6.819171979890917e-05,0.0002167879981438
PvsPOA_POA500_huld_D,500,,,1,0,huld,D,RLR,8.296044047283353e-05,0.9996207094393382,8.299191852414095e-05,0.0002314680973784
PvsPOA_POA500_PI_D,500,,,1,0,PI,D,OLSLR,2.990425443126991e-05,0.989529715858572,3.0220673469440265e-05,0.0003700992644475
PvsPOA_POA500_PI_D,500,,,1,0,PI,D,RLR,1.7676407539126467e-05,0.9894258019779928,1.7865318959530865e-05,0.0003839146354264
PvsPOA_POA500_PRt_D,500,,,1,0,PRt,D,OLSLR,2.996903622549825e-05,0.9894924264155688,3.0287282070526736e-05,0.0003689750815884
PvsPOA_POA500_PRt_D,500,,,1,0,PRt,D,RLR,1.784783904923079e-05,0.9893921898033174,1.803919541024352e-05,0.0003831470147888
PvsPOA_POA500_PR_D,500,,,1,0,PR,D,OLSLR,-0.0007609690459452,0.9669383444247563,-0.0007869881780289,0.0011837644164038
PvsPOA_POA500_PR_D,500,,,1,0,PR,D,RLR,-0.0007252892679252,0.9660223309566076,-0.000750799691356,0.0012041051955638
PvsPOA_POA500_PVUSA_D,500,,,1,0,PVUSA,D,OLSLR,9.860258209833492e-05,0.9988388874661582,9.871720388106704e-05,0.0001637258237247
PvsPOA_POA500_PVUSA_D,500,,,1,0,PVUSA,D,RLR,0.0001021359772712,0.999139888837208,0.0001022239011897,0.0001550479284817
PvsPOA_POA500_P_D,500,,,1,0,P,D,OLSLR,-2.41930829096152,1190.1606515055275,-0.0020327577524102,0.005500314557236
PvsPOA_POA500_P_D,500,,,1,0,P,D,RLR,-2.453356785096409,1189.5133182628065,-0.0020624878657763,0.0056094861588793
PvsPOA_POA50_huld_D,50,,,1,0,huld,D,OLSLR,0.00019860331489,1.0010110460291903,0.0001984027206072,0.0002176327618735
PvsPOA_POA50_huld_D,50,,,1,0,huld,D,RLR,0.0001572549828068,1.0011488498500756,0.0001570745277591,0.0001963588497511
PvsPOA_POA50_PI_D,50,,,1,0,PI,D,OLSLR,0.000471200116613,0.9192961611754752,0.0005125661745509,0.0018688721039812
PvsPOA_POA50_PI_D,50,,,1,0,PI,D,RLR,0.0005841602259953,0.923163141047907,0.0006327811412967,0.0017964629625911
PvsPOA_POA50_PRt_D,50,,,1,0,PRt,D,OLSLR,0.0004733875376687,0.9186970333573404,0.0005152814480512,0.0018598073433959
PvsPOA_POA50_PRt_D,50,,,1,0,PRt,D,RLR,0.0005893386611047,0.9225970414177328,0.0006387823010999,0.0017874722151206
PvsPOA_POA50_PR_D,50,,,1,0,PR,D,OLSLR,-0.0002762237606357,0.9306997249085976,-0.0002967914927264,0.0013167660877795
PvsPOA_POA50_PR_D,50,,,1,0,PR,D,RLR,-0.0002846535129157,0.9343395502247812,-0.00030465745868,0.0012424091395106
PvsPOA_POA50_PVUSA_D,50,,,1,0,PVUSA,D,OLSLR,0.0004788647696093,0.9733560658286422,0.0004919728621628,0.0011898390092727
PvsPOA_POA50_PVUSA_D,50,,,1,0,PVUSA,D,RLR,0.0006117337911215,0.980667423606738,0.0006237933231957,0.0008525251640102
PvsPOA_POA50_P_D,50,,,1,0,P,D,OLSLR,1.5827084676562526,663.8144398934007,0.0023842633913031,0.0161961224658301
PvsPOA_POA50_P_D,50,,,1,0,P,D,RLR,1.594588178861616,663.5276293208884,0.0024031978600403,0.0163879687390261
PvsPOA_POA5_huld_D,5,,,1,0,huld,D,OLSLR,0.0001904338749436,0.9998204112654964,0.0001904680808652,0.0002180337360574
PvsPOA_POA5_huld_D,5,,,1,0,huld,D,RLR,0.0001424680597656,0.9999529419448412,0.000142474764351,0.0001995712407693
PvsPOA_POA5_PI_D,5,,,1,0,PI,D,OLSLR,0.0004503336568476,0.9118823997500664,0.0004938505853069,0.0020725518892761
PvsPOA_POA5_PI_D,5,,,1,0,PI,D,RLR,0.0005868863710127,0.9165014355030336,0.0006403551028707,0.0019707303634638
PvsPOA_POA5_PRt_D,5,,,1,0,PRt,D,OLSLR,0.0004511765219993,0.9111159237771974,0.0004951911279619,0.0020631010707069
PvsPOA_POA5_PRt_D,5,,,1,0,PRt,D,RLR,0.0005865019463244,0.9156933657499656,0.0006405003773769,0.001961188905192
PvsPOA_POA5_PR_D,5,,,1,0,PR,D,OLSLR,-0.000297685791046,0.923362732260302,-0.0003223931188096,0.0014922253390809
PvsPOA_POA5_PR_D,5,,,1,0,PR,D,RLR,-0.0003055380241483,0.9284451604289138,-0.0003290856985104,0.0013524248074152
PvsPOA_POA5_PVUSA_D,5,,,1,0,PVUSA,D,OLSLR,0.000451668764254,0.967074097360727,0.0004670466983726,0.0013811196410055
PvsPOA_POA5_PVUSA_D,5,,,1,0,PVUSA,D,RLR,0.0006174754963154,0.9753551302482508,0.0006330776115959,0.0009783764647102
PvsPOA_POA5_P_D,5,,,1,0,P,D,OLSLR,1.6406338879785594,654.8229649698295,0.0025054617442351,0.0164628077260607
PvsPOA_POA5_P_D,5,,,1,0,P,D,RLR,1.6469554732772311,654.6050969831523,0.0025159527184671,0.0165964044565478
PvsPOA_POA800_huld_D,800,,,1,0,huld,D,OLSLR,-8.839302990298007e-06,0.9997824853992366,-8.841226086060374e-06,0.0002752213408245
PvsPOA_POA800_huld_D,800,,,1,0,huld,D,RLR,-1.1367067404358978e-05,0.999675811607324,-1.1370753670715002e-05,0.0002844168100448
PvsPOA_POA800_PI_D,800,,,1,0,PI,D,OLSLR,0.0001080365549485,1.0009031270654876,0.0001079390722509,0.000418395609822
PvsPOA_POA800_PI_D,800,,,1,0,PI,D,RLR,0.0001086108410114,1.0005879719810218,0.0001085470184059,0.000433697419756
PvsPOA_POA800_PRt_D,800,,,1,0,PRt,D,OLSLR,0.000108141311345,1.000900979749767,0.0001080439659196,0.0004183052232406
PvsPOA_POA800_PRt_D,800,,,1,0,PRt,D,RLR,0.0001086954638282,1.000585892360908,0.0001086318172764,0.0004335259589112
PvsPOA_POA800_PR_D,800,,,1,0,PR,D,OLSLR,-0.0007464718771209,0.9442439244835142,-0.0007905498333275,0.0015119701089674
PvsPOA_POA800_PR_D,800,,,1,0,PR,D,RLR,-0.0008614000400392,0.944444146859823,-0.0009120709180138,0.0017137618100794
PvsPOA_POA800_PVUSA_D,800,,,1,0,PVUSA,D,OLSLR,2.2843626767896807e-05,0.9997236178932792,2.284994208302817e-05,0.0001182800685034
PvsPOA_POA800_PVUSA_D,800,,,1,0,PVUSA,D,RLR,2.4010547321687628e-05,0.999926988311109,2.4012300500301312e-05,0.0001189278505998
PvsPOA_POA800_P_D,800,,,1,0,P,D,OLSLR,-1.2134615578110566,1532.1349196542849,-0.0007920069846622,0.0026663087553023
PvsPOA_POA800_P_D,800,,,1,0,P,D,RLR,-1.1971079413723995,1530.3311296002314,-0.0007822541920617,0.0027283748230199
POA0_PI_insta,0,,,0,0,PI,insta,OLSLR,-0.00028392594822,0.7644105981912983,-0.0003714312031935,0.001802503382281
POA0_PI_insta,0,,,0,0,PI,insta,RLR,9.6142267133989e-05,0.8408844559261294,0.0001143346942096,0.0008251638386208
POA0_P_insta,0,,,0,0,P,insta,OLSLR,-0.825906000344069,227.501242661993,-0.0036303362156625,0.0054409274105951
POA0_P_insta,0,,,0,0,P,insta,RLR,-0.6646268752643866,113.612509132432,-0.0058499445205427,0.0052970200799365
POA100_PI_insta,100,,,0,0,PI,insta,OLSLR,0.0002845580345874,0.9208417179070764,0.0003090194862524,0.0003776910499029
POA100_PI_insta,100,,,0,0,PI,insta,RLR,0.0003110965592079,0.92180476813182,0.0003374863853638,0.0003836378927801
POA100_P_insta,100,,,0,0,P,insta,OLSLR,0.7951218221337403,635.7563128596962,0.0012506707460869,0.0036506428513132
POA100_P_insta,100,,,0,0,P,insta,RLR,1.0609676721228765,614.8189055314541,0.0017256588282784,0.0038150443884426
POA200_PI_insta,200,,,0,0,PI,insta,OLSLR,0.0001496025453169,0.9560761284591828,0.0001564755576086,0.0002544392318731
POA200_PI_insta,200,,,0,0,PI,insta,RLR,0.0001608161172265,0.9567438531652308,0.0001680869092542,0.0002607099122421
POA200_P_insta,200,,,0,0,P,insta,OLSLR,-0.6808278761128898,825.6992811475337,-0.00082454701325,0.0030378981836864
POA200_P_insta,200,,,0,0,P,insta,RLR,-0.6022810224873396,813.380327898861,-0.000740466669563,0.0032052282155308
POA20_PI_insta,20,,,0,0,PI,insta,OLSLR,-7.868787890300566e-05,0.8508779997346355,-9.247845040951365e-05,0.0009474151807445
POA20_PI_insta,20,,,0,0,PI,insta,RLR,0.0002002631169798,0.8712272186953884,0.0002298632465589,0.0006193866773965
POA20_P_insta,20,,,0,0,P,insta,OLSLR,0.5432307941519884,488.924558580866,0.0011110728324401,0.0042456633813398
POA20_P_insta,20,,,0,0,P,insta,RLR,0.886766106380509,454.0185981169535,0.0019531492984172,0.0044129866045901
POA500_PI_insta,500,,,0,0,PI,insta,OLSLR,2.8564045273827144e-05,0.9906046845302134,2.883495880839027e-05,0.0001227839570826
POA500_PI_insta,500,,,0,0,PI,insta,RLR,2.239944581042264e-05,0.990826781929857,2.2606823128856796e-05,0.0001299783625051
POA500_P_insta,500,,,0,0,P,insta,OLSLR,-2.5130974321082467,1216.4253090789327,-0.0020659693721854,0.0020528095368101
POA500_P_insta,500,,,0,0,P,insta,RLR,-2.577642954849864,1213.5603374589818,-0.0021240336185072,0.002125985575928
POA50_PI_insta,50,,,0,0,PI,insta,OLSLR,0.0002392630297074,0.8903788589216819,0.0002687204747844,0.0004920731493297
POA50_PI_insta,50,,,0,0,PI,insta,RLR,0.0002741523159251,0.8921901786163869,0.0003072801320793,0.0005084569223436
POA50_P_insta,50,,,0,0,P,insta,OLSLR,0.7300132086552577,538.4209163194517,0.0013558411022467,0.0040107197762706
POA50_P_insta,50,,,0,0,P,insta,RLR,1.0552576827310869,508.88408863435615,0.0020736700287937,0.0041663482511848
POA5_PI_insta,5,,,0,0,PI,insta,OLSLR,-0.0001946704051644,0.79712459557586,-0.0002442157803747,0.0015362352754854
POA5_PI_insta,5,,,0,0,PI,insta,RLR,0.0001459630625587,0.8541440244408818,0.0001708881153319,0.0007298640910728
POA5_P_insta,5,,,0,0,P,insta,OLSLR,0.4387351782196453,458.0382353475436,0.0009578571052845,0.0044131318376451
POA5_P_insta,5,,,0,0,P,insta,RLR,0.7952318152369915,418.8091290115527,0.0018987929348957,0.0045888990122228
POA800_PI_insta,800,,,0,0,PI,insta,OLSLR,8.819509153757081e-05,1.0011221169058704,8.809623726039736e-05,0.0001316071515647
POA800_PI_insta,800,,,0,0,PI,insta,RLR,9.26018072241741e-05,1.000782313381141,9.252942022058632e-05,0.0001357100309375
POA800_P_insta,800,,,0,0,P,insta,OLSLR,-1.1395371925757118,1515.078244605688,-0.0007521309190683,0.0013066820483194
POA800_P_insta,800,,,0,0,P,insta,RLR,-1.091546456995644,1512.5288693076277,-0.0007216698333138,0.0013531898256639
PvsPOA_POA0_PI_insta,0,,,1,0,PI,insta,OLSLR,0.0002365287671759,0.8527861825868323,0.000277359990119,0.0009442505905557
PvsPOA_POA0_PI_insta,0,,,1,0,PI,insta,RLR,0.0005353199869198,0.8722757552462892,0.0006137049937478,0.0006238486097803
PvsPOA_POA0_P_insta,0,,,1,0,P,insta,OLSLR,2.040753623757812,486.01616054464176,0.0041989419065219,0.0043634624834604
PvsPOA_POA0_P_insta,0,,,1,0,P,insta,RLR,2.363734589378128,450.9537957394846,0.0052416336478596,0.0045237243308164
PvsPOA_POA100_PI_insta,100,,,1,0,PI,insta,OLSLR,0.0005205445356124,0.9230771003182696,0.0005639231386337,0.0003703561983148
PvsPOA_POA100_PI_insta,100,,,1,0,PI,insta,RLR,0.000533085559442,0.9237522610948768,0.0005770871497626,0.0003778119440875
PvsPOA_POA100_P_insta,100,,,1,0,P,insta,OLSLR,2.319704746131955,639.5375454080113,0.0036271595980374,0.0037199311125758
PvsPOA_POA100_P_insta,100,,,1,0,P,insta,RLR,2.69186906869095,617.3714357682885,0.0043602099364073,0.0038855197895008
PvsPOA_POA200_PI_insta,200,,,1,0,PI,insta,OLSLR,0.000246186446437,0.9573242556588596,0.0002571609827932,0.0002526894112752
PvsPOA_POA200_PI_insta,200,,,1,0,PI,insta,RLR,0.0002569858848693,0.9578798330135676,0.0002682861419692,0.0002601060664332
PvsPOA_POA200_P_insta,200,,,1,0,P,insta,OLSLR,0.3566004918081165,832.0882535160167,0.000428560901204,0.0030867624566719
PvsPOA_POA200_P_insta,200,,,1,0,P,insta,RLR,0.5479869075843761,819.0004907486061,0.00066909228233,0.00325896365005
PvsPOA_POA20_PI_insta,20,,,1,0,PI,insta,OLSLR,0.0001582804820975,0.8616859106908942,0.0001836869793665,0.0008021756062074
PvsPOA_POA20_PI_insta,20,,,1,0,PI,insta,RLR,0.0005143020385797,0.8746314146898685,0.0005880214567436,0.0006099669657044
PvsPOA_POA20_P_insta,20,,,1,0,P,insta,OLSLR,1.9786461615727184,491.1781316504185,0.0040283677836475,0.0043328121005874
PvsPOA_POA20_P_insta,20,,,1,0,P,insta,RLR,2.2919670912240515,456.7444162127279,0.0050180516933929,0.0044889858414101
PvsPOA_POA500_PI_insta,500,,,1,0,PI,insta,OLSLR,1.968519917982214e-05,0.9918119879358266,1.9847712489129376e-05,0.0001242102685169
PvsPOA_POA500_PI_insta,500,,,1,0,PI,insta,RLR,1.159524578748844e-05,0.9920128408374737,1.1688604532275553e-05,0.0001309631309177
PvsPOA_POA500_P_insta,500,,,1,0,P,insta,OLSLR,-2.4695070662471617,1237.677427784899,-0.0019952751911028,0.0020805350197955
PvsPOA_POA500_P_insta,500,,,1,0,P,insta,RLR,-2.522095254423057,1235.4727559997884,-0.002041400947269,0.0021537950637138
PvsPOA_POA50_PI_insta,50,,,1,0,PI,insta,OLSLR,0.0006119456368076,0.8931132711122846,0.0006851825592575,0.0004850061686764
PvsPOA_POA50_PI_insta,50,,,1,0,PI,insta,RLR,0.0006477993303193,0.8948770680134698,0.0007238975647876,0.0005015195692044
PvsPOA_POA50_P_insta,50,,,1,0,P,insta,OLSLR,2.484175182838695,540.3299862862683,0.0045975149369603,0.0041000965856799
PvsPOA_POA50_P_insta,50,,,1,0,P,insta,RLR,2.856590000398384,510.62100881856094,0.0055943448292653,0.004252866372206
PvsPOA_POA5_PI_insta,5,,,1,0,PI,insta,OLSLR,0.0002412058696515,0.8527737378977177,0.0002828486138025,0.0009443587208727
PvsPOA_POA5_PI_insta,5,,,1,0,PI,insta,RLR,0.0005359670014069,0.8722728834717915,0.0006144487712075,0.0006239213248179
PvsPOA_POA5_P_insta,5,,,1,0,P,insta,OLSLR,2.0356581328406107,486.0297228143288,0.0041883408303781,0.0043637828246457
PvsPOA_POA5_P_insta,5,,,1,0,P,insta,RLR,2.3627936937245484,450.9628555745999,0.0052394419285685,0.0045241733051379
PvsPOA_POA800_PI_insta,800,,,1,0,PI,insta,OLSLR,6.889003082091867e-05,1.001647856983964,6.877669666099188e-05,0.0001501359549145
PvsPOA_POA800_PI_insta,800,,,1,0,PI,insta,RLR,6.408124967256345e-05,1.0012568726680158,6.400080880524524e-05,0.0001522973714739
PvsPOA_POA800_P_insta,800,,,1,0,P,insta,OLSLR,-1.0836686489698546,1545.9527028606335,-0.0007009714119743,0.0012321638814598
PvsPOA_POA800_P_insta,800,,,1,0,P,insta,RLR,-1.046952324008717,1543.4173014233916,-0.000678333930197,0.0012577348588048
POA0_huld_ME,0,,,0,0,huld,ME,OLSLR,-0.0003531229000929,0.881001759505689,-0.0004008197444362,0.0064239425141322
POA0_huld_ME,0,,,0,0,huld,ME,RLR,-0.0003616020717816,0.8810367222942064,-0.0004104279227318,0.0066478255051928
POA0_PI_ME,0,,,0,0,PI,ME,OLSLR,2.380944724519593e-05,0.9273896951324894,2.567361635584537e-05,0.0059058589922785
POA0_PI_ME,0,,,0,0,PI,ME,RLR,-4.636165931751809e-05,0.9346103308622838,-4.960533581385112e-05,0.0040674450829564
POA0_PRt_ME,0,,,0,0,PRt,ME,OLSLR,1.8080251806778797e-05,0.9260309619560532,1.952445711813773e-05,0.0058347525794036
POA0_PRt_ME,0,,,0,0,PRt,ME,RLR,-4.5608851338366056e-05,0.9332923362523248,-4.886877301651308e-05,0.0039537328122396
POA0_PR_ME,0,,,0,0,PR,ME,OLSLR,-0.0007089792662879,0.93510588074237,-0.0007581807374851,0.0032816997887816
POA0_PR_ME,0,,,0,0,PR,ME,RLR,-0.0005905544641323,0.9337842663371304,-0.0006324313713796,0.0031696258226789
POA0_PVUSA_ME,0,,,0,0,PVUSA,ME,OLSLR,0.0003207383470531,0.9750973309539244,0.0003289295713068,0.003493713280226
POA0_PVUSA_ME,0,,,0,0,PVUSA,ME,RLR,0.0002113799120833,0.9808044591811658,0.0002155168750555,0.0017875508094262
POA0_P_ME,0,,,0,0,P,ME,OLSLR,-2.5659601083577663,767.3254415757141,-0.0033440310581759,0.0475378142675154
POA0_P_ME,0,,,0,0,P,ME,RLR,-2.5989487782632006,789.5510840890333,-0.0032916790700905,0.0456341767563416
POA100_huld_ME,100,,,0,0,huld,ME,OLSLR,0.0002032630141566,1.000313792757172,0.0002031992517032,0.0004969829818991
POA100_huld_ME,100,,,0,0,huld,ME,RLR,0.0002066577931296,1.0003011092516791,0.0002065955852876,0.0005132400766491
POA100_PI_ME,100,,,0,0,PI,ME,OLSLR,9.946300834289814e-05,0.948117595982924,0.0001049057719889,0.0032515911081827
POA100_PI_ME,100,,,0,0,PI,ME,RLR,8.668095622881011e-05,0.9510189769532154,9.11453486517276e-05,0.0030225516975656
POA100_PRt_ME,100,,,0,0,PRt,ME,OLSLR,0.0001002769017342,0.9472830975526432,0.0001058573746257,0.0031914033339919
POA100_PRt_ME,100,,,0,0,PRt,ME,RLR,8.825316654916676e-05,0.9501539449276708,9.288301861008946e-05,0.0029235553240825
POA100_PR_ME,100,,,0,0,PR,ME,OLSLR,-0.0006646028546546,0.9549952452651898,-0.0006959226843795,0.0036140924093656
POA100_PR_ME,100,,,0,0,PR,ME,RLR,-0.0006434608809963,0.9545172367311918,-0.0006741218033944,0.0037933339014006
POA100_PVUSA_ME,100,,,0,0,PVUSA,ME,OLSLR,0.000391709849761,0.9902505322791652,0.0003955664117235,0.0013241133920875
POA100_PVUSA_ME,100,,,0,0,PVUSA,ME,RLR,0.0003937981140979,0.99169823942311,0.0003970946992171,0.0011325788675241
POA100_P_ME,100,,,0,0,P,ME,OLSLR,-2.8332276862339216,815.9552832471202,-0.0034722830336473,0.0405575679003665
POA100_P_ME,100,,,0,0,P,ME,RLR,-2.655794662153201,830.9394881496543,-0.0031961348570244,0.041437283964094
POA200_huld_ME,200,,,0,0,huld,ME,OLSLR,0.0002262079249733,1.0002023249227188,0.0002261621667304,0.0004839954324288
POA200_huld_ME,200,,,0,0,huld,ME,RLR,0.0002262079249734,1.000202337837058,0.0002261621638103,0.0004839954261796
POA200_PI_ME,200,,,0,0,PI,ME,OLSLR,-0.0001211743571094,0.965981337638022,-0.0001254417165094,0.0020278785390898
POA200_PI_ME,200,,,0,0,PI,ME,RLR,-1.1917036757378568e-05,0.9674150721278244,-1.231843197477491e-05,0.0019037845929643
POA200_PRt_ME,200,,,0,0,PRt,ME,OLSLR,-0.0001177203498713,0.9654927330946944,-0.0001219277430437,0.001988929367064
POA200_PRt_ME,200,,,0,0,PRt,ME,RLR,-6.415349408603679e-06,0.9668649436613174,-6.6352073789231404e-06,0.0018732747132808
POA200_PR_ME,200,,,0,0,PR,ME,OLSLR,-0.0009264128754765,0.969703441345148,-0.000955356901891,0.0047189661176403
POA200_PR_ME,200,,,0,0,PR,ME,RLR,-0.0009264128754763,0.969703393661432,-0.000955356948869,0.0047189663496901
POA200_PVUSA_ME,200,,,0,0,PVUSA,ME,OLSLR,0.0001886350752403,0.9966423954573432,0.0001892705709692,0.0007370940492296
POA200_PVUSA_ME,200,,,0,0,PVUSA,ME,RLR,0.0002463016696175,0.9965214576371456,0.0002471614311261,0.0007933214350465
POA200_P_ME,200,,,0,0,P,ME,OLSLR,-4.780320799461402,913.6257855615794,-0.0052322524987876,0.0328726643116901
POA200_P_ME,200,,,0,0,P,ME,RLR,-4.042520195743713,926.5089123595216,-0.004363174646047,0.0333380046579303
POA20_huld_ME,20,,,0,0,huld,ME,OLSLR,0.0001666983670415,0.9992277199409906,0.0001668272043647,0.0004109277589421
POA20_huld_ME,20,,,0,0,huld,ME,RLR,0.0001666983670416,0.999227766631295,0.0001668271965696,0.0004109277397409
POA20_PI_ME,20,,,0,0,PI,ME,OLSLR,5.4808374371904666e-05,0.931127608349265,5.886236631848006e-05,0.0054326473343504
POA20_PI_ME,20,,,0,0,PI,ME,RLR,-2.248771447686121e-05,0.937738300637378,-2.3980799826109665e-05,0.0037909620420333
POA20_PRt_ME,20,,,0,0,PRt,ME,OLSLR,5.035643022418672e-05,0.929894899257659,5.415281905985997e-05,0.0053609469226296
POA20_PRt_ME,20,,,0,0,PRt,ME,RLR,-2.1370816888308452e-05,0.9365204610395408,-2.281938065142408e-05,0.0036882016268918
POA20_PR_ME,20,,,0,0,PR,ME,OLSLR,-0.0006783674506574,0.938942795027942,-0.0007224800640142,0.0031892224713646
POA20_PR_ME,20,,,0,0,PR,ME,RLR,-0.0005318698331487,0.9374236094177096,-0.0005673740535286,0.0030102122205624
POA20_PVUSA_ME,20,,,0,0,PVUSA,ME,OLSLR,0.0003538161614605,0.9788226245741396,0.0003614711721793,0.0030401068266643
POA20_PVUSA_ME,20,,,0,0,PVUSA,ME,RLR,0.0002373760152916,0.9838950460813682,0.0002412615209691,0.0015420038846453
POA20_P_ME,20,,,0,0,P,ME,OLSLR,-2.5623213761498347,769.9693915023445,-0.0033278223841473,0.0472199391544883
POA20_P_ME,20,,,0,0,P,ME,RLR,-2.595263192892665,792.1023568303003,-0.0032764240259023,0.0453515914996967
POA500_huld_ME,500,,,0,0,huld,ME,OLSLR,0.0001933462735222,0.9998476091162172,0.0001933757422224,0.0005763186580894
POA500_huld_ME,500,,,0,0,huld,ME,RLR,0.0001951330005479,0.9999203731899544,0.0001951485396035,0.0006075614326509
POA500_PI_ME,500,,,0,0,PI,ME,OLSLR,0.0001062893321656,0.9897541934130156,0.0001073896254979,0.0008778289292782
POA500_PI_ME,500,,,0,0,PI,ME,RLR,6.857752313836618e-05,0.9906332607921656,6.922594450697907e-05,0.0007742503282058
POA500_PRt_ME,500,,,0,0,PRt,ME,OLSLR,0.0001037717023335,0.989609952816662,0.0001048612153082,0.0008646306059798
POA500_PRt_ME,500,,,0,0,PRt,ME,RLR,6.956733932627496e-05,0.990484055608058,7.023569832587318e-05,0.0007908439155035
POA500_PR_ME,500,,,0,0,PR,ME,OLSLR,-0.0022664468854443,0.982838298862892,-0.0023060221483702,0.0065765140906415
POA500_PR_ME,500,,,0,0,PR,ME,RLR,-0.0023676289778061,0.982548054463674,-0.0024096826277861,0.0070508703953717
POA500_PVUSA_ME,500,,,0,0,PVUSA,ME,OLSLR,0.0001659040728415,0.9991919154035328,0.0001660382457903,0.000451663546046
POA500_PVUSA_ME,500,,,0,0,PVUSA,ME,RLR,0.0001295205677033,0.9994883754678224,0.0001295868675238,0.000421247503409
POA500_P_ME,500,,,0,0,P,ME,OLSLR,-3.3803439651093545,1201.1020874460503,-0.0028143685706991,0.0176480524799488
POA500_P_ME,500,,,0,0,P,ME,RLR,-3.348344890601382,1202.6433740883508,-0.0027841544407456,0.0189110796664445
POA50_huld_ME,50,,,0,0,huld,ME,OLSLR,0.0001833566974191,1.0004005071018864,0.0001832832911593,0.0004780459270793
POA50_huld_ME,50,,,0,0,huld,ME,RLR,0.0001878178850938,1.0003729024577102,0.0001877478734503,0.000507608113968
POA50_PI_ME,50,,,0,0,PI,ME,OLSLR,9.060708251549064e-05,0.9371055883235896,9.668823198203291e-05,0.0047669352387647
POA50_PI_ME,50,,,0,0,PI,ME,RLR,3.649274540769298e-05,0.9425778290388492,3.871589621931251e-05,0.0034837246446964
POA50_PRt_ME,50,,,0,0,PRt,ME,OLSLR,8.834353918912474e-05,0.9360492352243048,9.437915855778145e-05,0.0046988752061852
POA50_PRt_ME,50,,,0,0,PRt,ME,RLR,3.916494294692492e-05,0.9415293657703016,4.159715498080356e-05,0.0033907942067376
POA50_PR_ME,50,,,0,0,PR,ME,OLSLR,-0.0006473669245643,0.9447904703213076,-0.0006851962894419,0.0031337260027432
POA50_PR_ME,50,,,0,0,PR,ME,RLR,-0.0004982969726791,0.9432788905071878,-0.0005282604940001,0.0029547281901565
POA50_PVUSA_ME,50,,,0,0,PVUSA,ME,OLSLR,0.0003871895830232,0.9837624707644822,0.000393580355553,0.0024714169803388
POA50_PVUSA_ME,50,,,0,0,PVUSA,ME,RLR,0.0002990218783067,0.9876572460126054,0.0003027587551389,0.0013863900682237
POA50_P_ME,50,,,0,0,P,ME,OLSLR,-2.580952591797812,779.7565156143694,-0.0033099468104659,0.0459974730537775
POA50_P_ME,50,,,0,0,P,ME,RLR,-2.6024587631578537,801.2776446706368,-0.0032478863980132,0.0443721049115414
POA5_huld_ME,5,,,0,0,huld,ME,OLSLR,0.0001393745006214,0.9965150936984029,0.0001398619062598,0.0003220238011358
POA5_huld_ME,5,,,0,0,huld,ME,RLR,0.0001455441337237,0.9963719120750631,0.0001460741034144,0.0003402229478076
POA5_PI_ME,5,,,0,0,PI,ME,OLSLR,3.042134416273584e-05,0.9277084823680968,3.2791921967859335e-05,0.0058650435218122
POA5_PI_ME,5,,,0,0,PI,ME,RLR,-4.3763637349359535e-05,0.9348892259424286,-4.681157524865362e-05,0.0040413682072478
POA5_PRt_ME,5,,,0,0,PRt,ME,OLSLR,2.493293140718513e-05,0.9263616147757564,2.691490127558948e-05,0.0057936712042115
POA5_PRt_ME,5,,,0,0,PRt,ME,RLR,-4.2946676833764685e-05,0.9335821950805048,-4.600203073716643e-05,0.0039279196081848
POA5_PR_ME,5,,,0,0,PR,ME,OLSLR,-0.0007022180540505,0.9354330032745122,-0.0007506877046163,0.0032721340637191
POA5_PR_ME,5,,,0,0,PR,ME,RLR,-0.0005827827146622,0.9341076983121508,-0.0006238924223783,0.0031573217089209
POA5_PVUSA_ME,5,,,0,0,PVUSA,ME,OLSLR,0.0003279641285412,0.9754305834518197,0.000336224980132,0.003454227367315
POA5_PVUSA_ME,5,,,0,0,PVUSA,ME,RLR,0.0002142196481539,0.981079673857209,0.0002183509187502,0.0017695782197983
POA5_P_ME,5,,,0,0,P,ME,OLSLR,-2.563700752403263,767.5531649824335,-0.0033400953437042,0.047510010850876
POA5_P_ME,5,,,0,0,P,ME,RLR,-2.5982120616095976,789.7721809036907,-0.003289824742417,0.0456101192515942
POA800_huld_ME,800,,,0,0,huld,ME,OLSLR,-3.4482400755847804e-05,1.0006095853829198,-3.446139359403784e-05,0.0004837509819395
POA800_huld_ME,800,,,0,0,huld,ME,RLR,-4.1447606036870005e-05,1.000649701416205,-4.142069495269904e-05,0.0005302847065844
POA800_PI_ME,800,,,0,0,PI,ME,OLSLR,0.0001760097794295,1.0006211878042677,0.0001759005121766,0.0005505009606818
POA800_PI_ME,800,,,0,0,PI,ME,RLR,0.0001939184070466,1.0005211043586182,0.0001938174079505,0.0005879700979728
POA800_PRt_ME,800,,,0,0,PRt,ME,OLSLR,0.0001741050082842,1.000533051018862,0.0001740122508766,0.0005501355834911
POA800_PRt_ME,800,,,0,0,PRt,ME,RLR,0.0001917448276687,1.000434859687369,0.0001916614818167,0.0005878185276279
POA800_PR_ME,800,,,0,0,PR,ME,OLSLR,-0.002825805561775,0.964403184597046,-0.0029301080781434,0.0081027600521807
POA800_PR_ME,800,,,0,0,PR,ME,RLR,-0.002056751488505,0.9555390889348898,-0.0021524514405764,0.0052820651587824
POA800_PVUSA_ME,800,,,0,0,PVUSA,ME,OLSLR,-6.788830009646915e-06,1.0002847484308408,-6.786897451247394e-06,0.000191416217167
POA800_PVUSA_ME,800,,,0,0,PVUSA,ME,RLR,-6.7888300095721166e-06,1.0002847141581706,-6.786897683711509e-06,0.0001914162237255
POA800_P_ME,800,,,0,0,P,ME,OLSLR,-1.9563535272154136,1515.7412512879598,-0.001290690957677,0.0061816303141049
POA800_P_ME,800,,,0,0,P,ME,RLR,-2.0154922856897386,1517.0946315450233,-0.0013285211375622,0.0067427007612433
PvsPOA_POA0_huld_ME,0,,,1,0,huld,ME,OLSLR,0.0001650325290553,0.9994355428510616,0.0001651257354571,0.0004226917509868
PvsPOA_POA0_huld_ME,0,,,1,0,huld,ME,RLR,0.0001650325290554,0.9994356163634563,0.0001651257233117,0.0004226917198961
PvsPOA_POA0_PI_ME,0,,,1,0,PI,ME,OLSLR,0.0006158919136055,0.9277656709127564,0.0006638442582162,0.0060754316270218
PvsPOA_POA0_PI_ME,0,,,1,0,PI,ME,RLR,0.0004997432947329,0.932702624526973,0.0005358013171522,0.0054000516157352
PvsPOA_POA0_PRt_ME,0,,,1,0,PRt,ME,OLSLR,0.0006174723748096,0.9265004330216492,0.000666456649994,0.0060105035777764
PvsPOA_POA0_PRt_ME,0,,,1,0,PRt,ME,RLR,0.0005059207382252,0.9314472760919056,0.0005431555292619,0.0053124993795394
PvsPOA_POA0_PR_ME,0,,,1,0,PR,ME,OLSLR,-0.0001019085674952,0.9350922787183872,-0.0001089823644303,0.0025016931122639
PvsPOA_POA0_PR_ME,0,,,1,0,PR,ME,RLR,-0.0001251116102953,0.9352144358188,-0.0001337785276868,0.0027134829010097
PvsPOA_POA0_PVUSA_ME,0,,,1,0,PVUSA,ME,OLSLR,0.0006502871273696,0.9771967406170636,0.0006654618259972,0.0033452952667759
PvsPOA_POA0_PVUSA_ME,0,,,1,0,PVUSA,ME,RLR,0.000354484991375,0.9834877718018672,0.0003604366028116,0.0019978288610597
PvsPOA_POA0_P_ME,0,,,1,0,P,ME,OLSLR,1.3999052947180846,742.925270944906,0.0018843150845273,0.0536522111634166
PvsPOA_POA0_P_ME,0,,,1,0,P,ME,RLR,1.386544954644788,750.5925344534875,0.0018472671802609,0.0606102178599431
PvsPOA_POA100_huld_ME,100,,,1,0,huld,ME,OLSLR,0.0001859398112984,1.0004694986923093,0.0001858525537675,0.0004918566474597
PvsPOA_POA100_huld_ME,100,,,1,0,huld,ME,RLR,0.0001859398112986,1.000469548362846,0.0001858525445405,0.0004918566230404
PvsPOA_POA100_PI_ME,100,,,1,0,PI,ME,OLSLR,0.0005137579605759,0.9461241061639242,0.0005430132867652,0.0037260023604378
PvsPOA_POA100_PI_ME,100,,,1,0,PI,ME,RLR,0.0005658442366417,0.9480724464815604,0.0005968364957147,0.0045208990806295
PvsPOA_POA100_PRt_ME,100,,,1,0,PRt,ME,OLSLR,0.0005199875103778,0.9452664625697078,0.0005500962225659,0.0036749906790328
PvsPOA_POA100_PRt_ME,100,,,1,0,PRt,ME,RLR,0.0005617364772593,0.9472668817604024,0.0005930076181017,0.0045153081360258
PvsPOA_POA100_PR_ME,100,,,1,0,PR,ME,OLSLR,-0.0002247976080687,0.9523393152641796,-0.0002360478082398,0.0028052189019086
PvsPOA_POA100_PR_ME,100,,,1,0,PR,ME,RLR,-0.0002247976080686,0.95233931625759,-0.0002360478079934,0.0028052188989824
PvsPOA_POA100_PVUSA_ME,100,,,1,0,PVUSA,ME,OLSLR,0.0005705603093011,0.9895098972556308,0.0005766089969221,0.0015046466656025
PvsPOA_POA100_PVUSA_ME,100,,,1,0,PVUSA,ME,RLR,0.0004812607538172,0.9911599846540132,0.0004855530502326,0.0014487590354553
PvsPOA_POA100_P_ME,100,,,1,0,P,ME,OLSLR,1.0010841103538606,791.8506691484931,0.0012642334588545,0.0459579655153924
PvsPOA_POA100_P_ME,100,,,1,0,P,ME,RLR,1.1982203808619794,793.7633116956426,0.0015095436677494,0.0543525717924693
PvsPOA_POA200_huld_ME,200,,,1,0,huld,ME,OLSLR,0.0002078005087737,1.000321833368417,0.0002077336531523,0.0004728843231374
PvsPOA_POA200_huld_ME,200,,,1,0,huld,ME,RLR,0.0002078005087738,1.0003218621773284,0.0002077336471698,0.0004728843095185
PvsPOA_POA200_PI_ME,200,,,1,0,PI,ME,OLSLR,0.0001413881426317,0.9649569954211386,0.0001465227396689,0.0021578889419397
PvsPOA_POA200_PI_ME,200,,,1,0,PI,ME,RLR,0.0002190426012135,0.9653071698345974,0.0002269149220667,0.0023969276139547
PvsPOA_POA200_PRt_ME,200,,,1,0,PRt,ME,OLSLR,0.0001492646880218,0.9644540046550923,0.0001547659995203,0.0021208724511059
PvsPOA_POA200_PRt_ME,200,,,1,0,PRt,ME,RLR,0.0002275005790536,0.9648264781653544,0.0002357942948313,0.0023437748086307
PvsPOA_POA200_PR_ME,200,,,1,0,PR,ME,OLSLR,-0.0005880456398748,0.967426938828944,-0.0006078450126545,0.0041444114895851
PvsPOA_POA200_PR_ME,200,,,1,0,PR,ME,RLR,-0.0005880456398747,0.9674269229343716,-0.0006078450226412,0.0041444115576769
PvsPOA_POA200_PVUSA_ME,200,,,1,0,PVUSA,ME,OLSLR,0.0002805574008679,0.9963591921436272,0.00028158258897,0.0007348270867702
PvsPOA_POA200_PVUSA_ME,200,,,1,0,PVUSA,ME,RLR,0.0003436781101058,0.9960740303311748,0.000345032698013,0.0009104953763366
PvsPOA_POA200_P_ME,200,,,1,0,P,ME,OLSLR,-1.2294986803135914,893.0904193360761,-0.0013766788375443,0.0358971620248297
PvsPOA_POA200_P_ME,200,,,1,0,P,ME,RLR,-1.2605939296039104,893.2191138052169,-0.001411293052422,0.0371536994001251
PvsPOA_POA20_huld_ME,20,,,1,0,huld,ME,OLSLR,0.00013490103057,1.0000854393930023,0.0001348895056925,0.0004627537725194
PvsPOA_POA20_huld_ME,20,,,1,0,huld,ME,RLR,0.0001349010305701,1.0000853936961078,0.0001348895118561,0.000462753793664
PvsPOA_POA20_PI_ME,20,,,1,0,PI,ME,OLSLR,0.0005582302652791,0.9288505138472734,0.0006009904252159,0.0059415645730428
PvsPOA_POA20_PI_ME,20,,,1,0,PI,ME,RLR,0.0004583385397861,0.9334081496677068,0.0004910376451601,0.0053934971868629
PvsPOA_POA20_PRt_ME,20,,,1,0,PRt,ME,OLSLR,0.0005598094068084,0.927611922475828,0.0006034952691361,0.0058769251477528
PvsPOA_POA20_PRt_ME,20,,,1,0,PRt,ME,RLR,0.000464435364381,0.932174671969996,0.0004982278304124,0.0053087163434705
PvsPOA_POA20_PR_ME,20,,,1,0,PR,ME,OLSLR,-0.0001610318686633,0.9362031849996104,-0.0001720052561703,0.0024080668839717
PvsPOA_POA20_PR_ME,20,,,1,0,PR,ME,RLR,-0.0001610318686632,0.936203248577898,-0.0001720052444892,0.0024080667204379
PvsPOA_POA20_PVUSA_ME,20,,,1,0,PVUSA,ME,OLSLR,0.0006006412973258,0.9782044236959778,0.0006140243110498,0.0032099219385965
PvsPOA_POA20_PVUSA_ME,20,,,1,0,PVUSA,ME,RLR,0.0003627124964446,0.983948513638484,0.0003686295486167,0.0020275428500705
PvsPOA_POA20_P_ME,20,,,1,0,P,ME,OLSLR,1.2249731795397545,743.9559815905903,0.0016465667456839,0.0535540946711037
PvsPOA_POA20_P_ME,20,,,1,0,P,ME,RLR,1.149287847795363,751.9940933840114,0.0015283203124954,0.0603732335709938
PvsPOA_POA500_huld_ME,500,,,1,0,huld,ME,OLSLR,2.0343251762471952e-05,1.001230266488476,2.0318254894371094e-05,0.0005609470172453
PvsPOA_POA500_huld_ME,500,,,1,0,huld,ME,RLR,1.664020800309224e-05,1.0012657125401951,1.66191729075355e-05,0.0006151390320929
PvsPOA_POA500_PI_ME,500,,,1,0,PI,ME,OLSLR,-7.210224612235279e-05,0.9918351992998096,-7.269579278216147e-05,0.0007344482612449
PvsPOA_POA500_PI_ME,500,,,1,0,PI,ME,RLR,-5.274386172234719e-05,0.9919245641458374,-5.317325896426992e-05,0.0007601150644571
PvsPOA_POA500_PRt_ME,500,,,1,0,PRt,ME,OLSLR,-7.062800940048542e-05,0.9916736819343156,-7.122101825140856e-05,0.0007252138756189
PvsPOA_POA500_PRt_ME,500,,,1,0,PRt,ME,RLR,-5.076324161774198e-05,0.9917634596612112,-5.118482751429744e-05,0.0007494576502794
PvsPOA_POA500_PR_ME,500,,,1,0,PR,ME,OLSLR,-0.000728964347623,0.9696599588543388,-0.0007517731767375,0.0049773036471443
PvsPOA_POA500_PR_ME,500,,,1,0,PR,ME,RLR,-0.0007786511859003,0.9696683457144172,-0.0008030077390292,0.0052644027837812
PvsPOA_POA500_PVUSA_ME,500,,,1,0,PVUSA,ME,OLSLR,6.19364509313997e-05,0.9999539356847372,6.193930412303198e-05,0.0003192346355581
PvsPOA_POA500_PVUSA_ME,500,,,1,0,PVUSA,ME,RLR,6.193645093166555e-05,0.9999539929051958,6.193930057893939e-05,0.0003192346172905
PvsPOA_POA500_P_ME,500,,,1,0,P,ME,OLSLR,-4.552394308688191,1218.9950086900758,-0.0037345471279494,0.0196916356998423
PvsPOA_POA500_P_ME,500,,,1,0,P,ME,RLR,-4.6078026023444,1221.2136364479643,-0.0037731339258106,0.0212307502682674
PvsPOA_POA50_huld_ME,50,,,1,0,huld,ME,OLSLR,0.0001753895775728,1.0005468078655249,0.0001752937255848,0.0004891945014768
PvsPOA_POA50_huld_ME,50,,,1,0,huld,ME,RLR,0.0001753895775728,1.0005468525690082,0.000175293717753,0.00048919447962
PvsPOA_POA50_PI_ME,50,,,1,0,PI,ME,OLSLR,0.000622660316189,0.9344326834189142,0.0006663511746088,0.005328676869173
PvsPOA_POA50_PI_ME,50,,,1,0,PI,ME,RLR,0.0005259935868637,0.9384540259755884,0.0005604894563875,0.0049010737409789
PvsPOA_POA50_PRt_ME,50,,,1,0,PRt,ME,OLSLR,0.0006269493249811,0.9333542652379022,0.0006717163550126,0.005268577427406
PvsPOA_POA50_PRt_ME,50,,,1,0,PRt,ME,RLR,0.0005344745003634,0.9373717479046824,0.0005701841361852,0.0048266321732729
PvsPOA_POA50_PR_ME,50,,,1,0,PR,ME,OLSLR,-9.436243870152192e-05,0.9415656912205884,-0.0001002186460077,0.0023164854297942
PvsPOA_POA50_PR_ME,50,,,1,0,PR,ME,RLR,-9.436243870139874e-05,0.941565736917482,-0.0001002186411437,0.0023164853173685
PvsPOA_POA50_PVUSA_ME,50,,,1,0,PVUSA,ME,OLSLR,0.0006603007913706,0.982631259218956,0.000671972100598,0.0027017558709439
PvsPOA_POA50_PVUSA_ME,50,,,1,0,PVUSA,ME,RLR,0.0005152084173106,0.9861739476176464,0.0005224315837537,0.002181127134764
PvsPOA_POA50_P_ME,50,,,1,0,P,ME,OLSLR,1.3729299074534926,754.1272511940313,0.0018205546945554,0.0521832199471653
PvsPOA_POA50_P_ME,50,,,1,0,P,ME,RLR,1.2930167808663828,761.5381057799766,0.0016979016165475,0.0591381956922427
PvsPOA_POA5_huld_ME,5,,,1,0,huld,ME,OLSLR,0.0001635229813933,0.999435080635649,0.0001636154109072,0.0004223489112876
PvsPOA_POA5_huld_ME,5,,,1,0,huld,ME,RLR,0.0001635229813935,0.9994351044775066,0.0001636154070043,0.0004223489012123
PvsPOA_POA5_PI_ME,5,,,1,0,PI,ME,OLSLR,0.0006102257951205,0.9277798353051916,0.0006577269432891,0.0060753397919103
PvsPOA_POA5_PI_ME,5,,,1,0,PI,ME,RLR,0.0004913842611294,0.9326997353587368,0.0005268407854114,0.005408726046303
PvsPOA_POA5_PRt_ME,5,,,1,0,PRt,ME,OLSLR,0.0006119634498877,0.9265143302789204,0.0006605007930137,0.0060103947752274
PvsPOA_POA5_PRt_ME,5,,,1,0,PRt,ME,RLR,0.0004977077646884,0.931443171545276,0.0005343404513479,0.005321474027646
PvsPOA_POA5_PR_ME,5,,,1,0,PR,ME,OLSLR,-0.0001053875897162,0.9351008293289372,-0.0001127018460585,0.0025012360581193
PvsPOA_POA5_PR_ME,5,,,1,0,PR,ME,RLR,-0.0001313901464429,0.9352332458821528,-0.0001404891742476,0.0027118736574473
PvsPOA_POA5_PVUSA_ME,5,,,1,0,PVUSA,ME,OLSLR,0.0006477039066895,0.9772162621866232,0.0006628050839434,0.003344692602162
PvsPOA_POA5_PVUSA_ME,5,,,1,0,PVUSA,ME,RLR,0.0003573535660343,0.9834741654557374,0.0003633583662757,0.0020043571184503
PvsPOA_POA5_P_ME,5,,,1,0,P,ME,OLSLR,1.3684965431193112,743.009546276675,0.0018418290181829,0.0536447328719562
PvsPOA_POA5_P_ME,5,,,1,0,P,ME,RLR,1.333918275981916,750.8010917038378,0.0017766600111818,0.0605593780612828
PvsPOA_POA800_huld_ME,800,,,1,0,huld,ME,OLSLR,-5.73084304702888e-05,1.0009001683019343,-5.7256889633173656e-05,0.0005757511091017
PvsPOA_POA800_huld_ME,800,,,1,0,huld,ME,RLR,-7.367492203413928e-05,1.0009184494617167,-7.360731743306447e-05,0.0007590662810423
PvsPOA_POA800_PI_ME,800,,,1,0,PI,ME,OLSLR,0.0001224470487825,1.0018847970948936,0.0001222166951106,0.0006216980534803
PvsPOA_POA800_PI_ME,800,,,1,0,PI,ME,RLR,0.0001224470487823,1.001884780064995,0.0001222166971879,0.0006216980640479
PvsPOA_POA800_PRt_ME,800,,,1,0,PRt,ME,OLSLR,0.0001214217997627,1.0017937640948396,0.000121204387684,0.0006261886678989
PvsPOA_POA800_PRt_ME,800,,,1,0,PRt,ME,RLR,0.0001214217997625,1.001793750470921,0.0001212043893321,0.0006261886764148
PvsPOA_POA800_PR_ME,800,,,1,0,PR,ME,OLSLR,-0.0010857860005583,0.9455456699656491,-0.0011483168238692,0.0035265415582938
PvsPOA_POA800_PR_ME,800,,,1,0,PR,ME,RLR,-0.0011778155606012,0.9451032253629924,-0.0012462295429675,0.0038053010732987
PvsPOA_POA800_PVUSA_ME,800,,,1,0,PVUSA,ME,OLSLR,9.025290313892274e-06,1.0001760214358153,9.023701948918857e-06,0.0001863539243576
PvsPOA_POA800_PVUSA_ME,800,,,1,0,PVUSA,ME,RLR,9.641220839781696e-06,1.0001767154552674,9.639517388077902e-06,0.0002110658769152
PvsPOA_POA800_P_ME,800,,,1,0,P,ME,OLSLR,-2.2915224694270453,1545.4865493523723,-0.0014827191284112,0.0068844388260506
PvsPOA_POA800_P_ME,800,,,1,0,P,ME,RLR,-2.383126081954032,1546.571042453756,-0.0015409095453985,0.0078377781675288
POA0_huld_W,0,,,0,0,huld,W,OLSLR,-0.0005183760715847,0.8800142464309259,-0.0005890541814375,0.0041351875540544
POA0_huld_W,0,,,0,0,huld,W,RLR,-0.0004539256698231,0.8832480629294988,-0.000513927727526,0.0041713236036231
POA0_PI_W,0,,,0,0,PI,W,OLSLR,-9.69334908489984e-05,0.9236601079004726,-0.0001049449792406,0.0035176530477437
POA0_PI_W,0,,,0,0,PI,W,RLR,-0.0001611868436618,0.9298660038359576,-0.0001733441624888,0.0028027753956329
POA0_PRt_W,0,,,0,0,PRt,W,OLSLR,-9.741340779458012e-05,0.9223951871433588,-0.0001056091891548,0.0034919467990603
POA0_PRt_W,0,,,0,0,PRt,W,RLR,-0.0001503583900689,0.9285639097611836,-0.000161925731216,0.0027829192078429
POA0_PR_W,0,,,0,0,PR,W,OLSLR,-0.000730770661268,0.9322657187540424,-0.0007838652077057,0.0023320715440807
POA0_PR_W,0,,,0,0,PR,W,RLR,-0.0007408108977356,0.9328520563673672,-0.0007941354609008,0.0019323926886468
POA0_PVUSA_W,0,,,0,0,PVUSA,W,OLSLR,0.0001797343143387,0.9729890903819196,0.0001847238742093,0.0021942930195857
POA0_PVUSA_W,0,,,0,0,PVUSA,W,RLR,0.0002182012660067,0.9799489137432216,0.0002226659603849,0.0011029913113667
POA0_P_W,0,,,0,0,P,W,OLSLR,-2.4057665069172827,744.2655142443456,-0.0032324035722115,0.0269681779985611
POA0_P_W,0,,,0,0,P,W,RLR,-2.1398926276233614,754.009818754113,-0.0028380169255079,0.0282205399813066
POA100_huld_W,100,,,0,0,huld,W,OLSLR,0.0001815984644381,1.0006397283776518,0.0001814823650191,0.0003112801493665
POA100_huld_W,100,,,0,0,huld,W,RLR,0.0001987696300366,1.000587753774438,0.0001986528710619,0.0003220729114753
POA100_PI_W,100,,,0,0,PI,W,OLSLR,0.0001059412496891,0.944967724820358,0.0001121109715247,0.0021014030085269
POA100_PI_W,100,,,0,0,PI,W,RLR,4.348458915475525e-05,0.94772382963043,4.588318642542976e-05,0.0018748780821404
POA100_PRt_W,100,,,0,0,PRt,W,OLSLR,0.0001082975125203,0.9442224320893268,0.0001146949159857,0.002078745909554
POA100_PRt_W,100,,,0,0,PRt,W,RLR,5.5935376981763527e-05,0.9469829779125588,5.906692969821092e-05,0.0018385915750463
POA100_PR_W,100,,,0,0,PR,W,OLSLR,-0.0005390841123841,0.952758348314585,-0.0005658141052637,0.0019604512797961
POA100_PR_W,100,,,0,0,PR,W,RLR,-0.0005492974864098,0.9516328398858962,-0.00057721577418,0.0019896816628976
POA100_PVUSA_W,100,,,0,0,PVUSA,W,OLSLR,0.0003812368329447,0.9887983348801552,0.0003855556987674,0.0009900780971685
POA100_PVUSA_W,100,,,0,0,PVUSA,W,RLR,0.0003641542101656,0.9913757697690438,0.0003673220803555,0.0006435947938783
POA100_P_W,100,,,0,0,P,W,OLSLR,-2.3692641195661257,790.4914800467707,-0.0029972038654052,0.0236202272263784
POA100_P_W,100,,,0,0,P,W,RLR,-2.0180842061408453,797.8069284318877,-0.0025295395843546,0.0252465091198008
POA200_huld_W,200,,,0,0,huld,W,OLSLR,0.0002334031183994,1.0004061243117013,0.0002333083661998,0.0003087764024622
POA200_huld_W,200,,,0,0,huld,W,RLR,0.0002096360222734,1.0004337555023792,0.0002095451309199,0.0003145535405691
POA200_PI_W,200,,,0,0,PI,W,OLSLR,-9.72108076012872e-05,0.9637877216985242,-0.000100863297397,0.0012425080086333
POA200_PI_W,200,,,0,0,PI,W,RLR,-1.9315392815152585e-05,0.9646220320743656,-2.00237939554583e-05,0.0012293042769284
POA200_PRt_W,200,,,0,0,PRt,W,OLSLR,-9.324182155826417e-05,0.9633624035900424,-9.678789748363805e-05,0.0012271132338015
POA200_PRt_W,200,,,0,0,PRt,W,RLR,-8.78472053052106e-06,0.9641872569930748,-9.11101081953436e-06,0.0012180464999718
POA200_PR_W,200,,,0,0,PR,W,OLSLR,-0.0007753721771156,0.9684936467529924,-0.0008005960387197,0.002269496351735
POA200_PR_W,200,,,0,0,PR,W,RLR,-0.000771334371179,0.9679563809657782,-0.0007968689357772,0.0024037051611718
POA200_PVUSA_W,200,,,0,0,PVUSA,W,OLSLR,0.0002112044325297,0.9958648524303256,0.0002120814205002,0.0004784772088082
POA200_PVUSA_W,200,,,0,0,PVUSA,W,RLR,0.0002898465524505,0.9961409628285176,0.0002909694142358,0.0004548912644357
POA200_P_W,200,,,0,0,P,W,OLSLR,-4.219645928026265,887.7271794000911,-0.0047533138851035,0.018678010985016
POA200_P_W,200,,,0,0,P,W,RLR,-3.398067720427012,892.25620710772,-0.0038083990824137,0.020191947014261
POA20_huld_W,20,,,0,0,huld,W,OLSLR,0.0001524765162275,0.9994578756571708,0.0001525592222956,0.0002736651046096
POA20_huld_W,20,,,0,0,huld,W,RLR,0.0001648522750685,0.9994066925792569,0.0001649501412114,0.0002966876275925
POA20_PI_W,20,,,0,0,PI,W,OLSLR,-4.69946366635973e-05,0.9275869880934168,-5.0663320278124144e-05,0.003247804812234
POA20_PI_W,20,,,0,0,PI,W,RLR,-0.0001264655526596,0.933229336959287,-0.0001355139060155,0.0026142127065796
POA20_PRt_W,20,,,0,0,PRt,W,OLSLR,-4.679997689979755e-05,0.9264488270558652,-5.051544730055069e-05,0.0032209553443861
POA20_PRt_W,20,,,0,0,PRt,W,RLR,-0.0001219369597613,0.9321008397564684,-0.0001308194935144,0.0025995643287915
POA20_PR_W,20,,,0,0,PR,W,OLSLR,-0.00067902097648,0.9363031634783616,-0.0007252148694633,0.0021887919714918
POA20_PR_W,20,,,0,0,PR,W,RLR,-0.0006961889255494,0.9362363064984413,-0.0007436038537676,0.0018775853500448
POA20_PVUSA_W,20,,,0,0,PVUSA,W,OLSLR,0.0002335873958806,0.9769240556759948,0.0002391049688289,0.0019289655074228
POA20_PVUSA_W,20,,,0,0,PVUSA,W,RLR,0.0002435549482263,0.9830979468938236,0.0002477423017675,0.0009764824561526
POA20_P_W,20,,,0,0,P,W,OLSLR,-2.39586698997446,746.8243564940867,-0.0032080729145226,0.0268083228567902
POA20_P_W,20,,,0,0,P,W,RLR,-2.1308011986911173,756.5384938808033,-0.0028165139195505,0.0280518401114838
POA500_huld_W,500,,,0,0,huld,W,OLSLR,6.661296649661542e-05,1.0004464588183888,6.658323982203998e-05,0.0003479924647599
POA500_huld_W,500,,,0,0,huld,W,RLR,0.000135030899326,1.0001731789622212,0.000135007518864,0.0003621765473085
POA500_PI_W,500,,,0,0,PI,W,OLSLR,-4.471826156945784e-07,0.9899404670406868,-4.5172677608723226e-07,0.0005069299765614
POA500_PI_W,500,,,0,0,PI,W,RLR,-7.454990379943127e-05,0.9901679006402616,-7.529016417440503e-05,0.0005654693997559
POA500_PRt_W,500,,,0,0,PRt,W,OLSLR,-6.240035190723563e-07,0.9898213253591492,-6.304203628325965e-07,0.000502236647387
POA500_PRt_W,500,,,0,0,PRt,W,RLR,-7.854593902749916e-05,0.9900550259493124,-7.9334922775818e-05,0.0005602730480699
POA500_PR_W,500,,,0,0,PR,W,OLSLR,-0.0014410398191296,0.9758599576806696,-0.0014766871084193,0.0029788121980832
POA500_PR_W,500,,,0,0,PR,W,RLR,-0.0014699666061342,0.973323519925795,-0.0015102548906311,0.0030661365936803
POA500_PVUSA_W,500,,,0,0,PVUSA,W,OLSLR,0.00014361818156,0.999411009027608,0.0001437028212244,0.0002271184975565
POA500_PVUSA_W,500,,,0,0,PVUSA,W,RLR,0.0001351856024947,0.9994550989511486,0.0001352593054321,0.0002327878609602
POA500_P_W,500,,,0,0,P,W,OLSLR,-3.379370210757799,1198.9170729374378,-0.0028186855346701,0.0096320222252998
POA500_P_W,500,,,0,0,P,W,RLR,-3.4680362254498123,1204.3576005484372,-0.0028795734953393,0.0103352507540637
POA50_huld_W,50,,,0,0,huld,W,OLSLR,0.0001573651363117,1.0006813046043197,0.0001572579957151,0.000302159614144
POA50_huld_W,50,,,0,0,huld,W,RLR,0.0001904847845338,1.0005658906543322,0.0001903770519393,0.000315935540075
POA50_PI_W,50,,,0,0,PI,W,OLSLR,1.0808091029524547e-05,0.9337866413004392,1.157447595788332e-05,0.0028811368678782
POA50_PI_W,50,,,0,0,PI,W,RLR,-6.468379458628333e-05,0.9387678899283884,-6.89028622306389e-05,0.002384782202998
POA50_PRt_W,50,,,0,0,PRt,W,OLSLR,1.2332700151680976e-05,0.9328247405405028,1.3220811601260802e-05,0.0028550034339979
POA50_PRt_W,50,,,0,0,PRt,W,RLR,-4.818377554830725e-05,0.937789988278976,-5.138013430569215e-05,0.0023680568512143
POA50_PR_W,50,,,0,0,PR,W,OLSLR,-0.0006218717011335,0.9423854812355592,-0.0006598910037516,0.0020247468164449
POA50_PR_W,50,,,0,0,PR,W,RLR,-0.0006375946934355,0.9415892895295832,-0.0006771473513192,0.0018675307069798
POA50_PVUSA_W,50,,,0,0,PVUSA,W,OLSLR,0.0002904198275601,0.9821035003909848,0.0002957120379313,0.0016060133478353
POA50_PVUSA_W,50,,,0,0,PVUSA,W,RLR,0.0003111074003202,0.9868768004833548,0.0003152444156837,0.0008821633062077
POA50_P_W,50,,,0,0,P,W,OLSLR,-2.3794557135843903,756.2224312899293,-0.0031465024245916,0.0262115515798912
POA50_P_W,50,,,0,0,P,W,RLR,-2.143182168051773,765.672096312516,-0.0027990861602157,0.0274835087626042
POA5_huld_W,5,,,0,0,huld,W,OLSLR,0.0001164096224349,0.9966129705777408,0.0001168052452372,0.0002211858206611
POA5_huld_W,5,,,0,0,huld,W,RLR,0.0001368108408425,0.9965478663012723,0.0001372847662102,0.0002352918618679
POA5_PI_W,5,,,0,0,PI,W,OLSLR,-8.872107831666971e-05,0.9239956325172696,-9.601893688064754e-05,0.0034942584685439
POA5_PI_W,5,,,0,0,PI,W,RLR,-0.000158462157159,0.9301802594896912,-0.0001703563965612,0.0027842269545627
POA5_PRt_W,5,,,0,0,PRt,W,OLSLR,-8.901740004834945e-05,0.9227424712212992,-9.647047017412144e-05,0.0034683660761078
POA5_PRt_W,5,,,0,0,PRt,W,RLR,-0.000147270672366,0.9288825001287424,-0.0001585460726687,0.0027653884649156
POA5_PR_W,5,,,0,0,PR,W,OLSLR,-0.0007222100549923,0.932610564326782,-0.0007743961763007,0.0023192501633356
POA5_PR_W,5,,,0,0,PR,W,RLR,-0.0007333688134495,0.933135817063147,-0.0007859186198185,0.0019236595054874
POA5_PVUSA_W,5,,,0,0,PVUSA,W,OLSLR,0.0001887111751822,0.9733415368513088,0.0001938797102944,0.0021712254493111
POA5_PVUSA_W,5,,,0,0,PVUSA,W,RLR,0.0002239422643321,0.9802894558184156,0.0002284450403939,0.0010802196075497
POA5_P_W,5,,,0,0,P,W,OLSLR,-2.403224966927815,744.4857769664048,-0.003228033417536,0.0269541739357027
POA5_P_W,5,,,0,0,P,W,RLR,-2.137016071858948,754.2336825259309,-0.0028333606962527,0.0282031428706499
POA800_huld_W,800,,,0,0,huld,W,OLSLR,-0.0001668141328786,1.000906891310588,-0.0001666629876633,0.0004373155876402
POA800_huld_W,800,,,0,0,huld,W,RLR,-0.0001100957632472,1.0004715695683288,-0.000110043869907,0.0004203494088532
POA800_PI_W,800,,,0,0,PI,W,OLSLR,3.283394286677647e-05,1.0004953075762677,3.281768801726593e-05,0.0004838479218619
POA800_PI_W,800,,,0,0,PI,W,RLR,2.625184782471812e-05,1.0004762631862838,2.6239350987810648e-05,0.000507537360135
POA800_PRt_W,800,,,0,0,PRt,W,OLSLR,3.221544650408336e-05,1.0004306669901086,3.22015783472598e-05,0.0004823892782346
POA800_PRt_W,800,,,0,0,PRt,W,RLR,2.7660782301739545e-05,1.0003971629675643,2.76498008247914e-05,0.0005061469380406
POA800_PR_W,800,,,0,0,PR,W,OLSLR,-0.0019351409195288,0.9593634354320664,-0.0020171093123403,0.003594399478055
POA800_PR_W,800,,,0,0,PR,W,RLR,-0.0017672131809313,0.955219941330352,-0.0018500589282821,0.0028263013571933
POA800_PVUSA_W,800,,,0,0,PVUSA,W,OLSLR,3.514605939852584e-05,0.999747216202482,3.515494599927707e-05,0.0001737776060456
POA800_PVUSA_W,800,,,0,0,PVUSA,W,RLR,1.892546972254508e-05,0.9999133812250076,1.892710916555515e-05,0.0001647631942122
POA800_P_W,800,,,0,0,P,W,OLSLR,-1.3561216104480798,1510.720586401875,-0.0008976654072597,0.0041793495501792
POA800_P_W,800,,,0,0,P,W,RLR,-0.8852603504447814,1507.0716304702412,-0.0005874042962168,0.0042737242281328
PvsPOA_POA0_huld_W,0,,,1,0,huld,W,OLSLR,0.0001668818986641,0.9994606253580268,0.0001669719591048,0.0002968706214507
PvsPOA_POA0_huld_W,0,,,1,0,huld,W,RLR,0.0001425242956858,0.9995847813462632,0.0001425834990143,0.0003161916543734
PvsPOA_POA0_PI_W,0,,,1,0,PI,W,OLSLR,0.0003941816232502,0.9252544466173742,0.0004260251055169,0.003392932860744
PvsPOA_POA0_PI_W,0,,,1,0,PI,W,RLR,0.0001960301055848,0.9305861166762958,0.0002106522997408,0.0029268937822287
PvsPOA_POA0_PRt_W,0,,,1,0,PRt,W,OLSLR,0.0003968320137744,0.9241279017090352,0.0004294124363527,0.0033657252592942
PvsPOA_POA0_PRt_W,0,,,1,0,PRt,W,RLR,0.0002079427373625,0.9294237442560512,0.0002237329728744,0.00289492037188
PvsPOA_POA0_PR_W,0,,,1,0,PR,W,OLSLR,-0.0002694041837712,0.9339695580966918,-0.0002884507117343,0.0018563704169228
PvsPOA_POA0_PR_W,0,,,1,0,PR,W,RLR,-0.0005213023705881,0.9358546632078834,-0.0005570334701343,0.0016921562202669
PvsPOA_POA0_PVUSA_W,0,,,1,0,PVUSA,W,OLSLR,0.0004719889876866,0.9758834631471466,0.0004836530236556,0.0019686395846295
PvsPOA_POA0_PVUSA_W,0,,,1,0,PVUSA,W,RLR,0.0003850211797527,0.9820821165238875,0.0003920458109099,0.0011271569016488
PvsPOA_POA0_P_W,0,,,1,0,P,W,OLSLR,0.6798802862592154,726.2297110126987,0.0009361780108268,0.0289265241676549
PvsPOA_POA0_P_W,0,,,1,0,P,W,RLR,1.1056415623132527,730.1459488848042,0.0015142747337049,0.030122837162446
PvsPOA_POA100_huld_W,100,,,1,0,huld,W,OLSLR,0.0001774198284525,1.0005791376793614,0.000177317137417,0.0003263817040189
PvsPOA_POA100_huld_W,100,,,1,0,huld,W,RLR,0.0001869246432907,1.0005888485677128,0.0001868146377588,0.0003322460506106
PvsPOA_POA100_PI_W,100,,,1,0,PI,W,OLSLR,0.0004465073313469,0.943656182375106,0.0004731673883841,0.002226025489703
PvsPOA_POA100_PI_W,100,,,1,0,PI,W,RLR,0.0003834540271736,0.9458942570670494,0.0004053878372859,0.0022091460999051
PvsPOA_POA100_PRt_W,100,,,1,0,PRt,W,OLSLR,0.0004505863542402,0.9429282145100824,0.0004778585976179,0.0022048843874907
PvsPOA_POA100_PRt_W,100,,,1,0,PRt,W,RLR,0.0003994003066989,0.9451464583979318,0.0004225803346668,0.0021865602661091
PvsPOA_POA100_PR_W,100,,,1,0,PR,W,OLSLR,-0.0002262594609253,0.951357150651843,-0.0002378280972296,0.0016205236403769
PvsPOA_POA100_PR_W,100,,,1,0,PR,W,RLR,-0.0003735323920384,0.9514188324263032,-0.0003926056320388,0.0017441977331995
PvsPOA_POA100_PVUSA_W,100,,,1,0,PVUSA,W,OLSLR,0.0005429769841535,0.9882935247844984,0.0005494086225768,0.0010276270125924
PvsPOA_POA100_PVUSA_W,100,,,1,0,PVUSA,W,RLR,0.0004867183656689,0.9908622931864464,0.000491206870032,0.0007449024478858
PvsPOA_POA100_P_W,100,,,1,0,P,W,OLSLR,0.6563652187677007,772.7443736531449,0.0008493950148931,0.0253655770042784
PvsPOA_POA100_P_W,100,,,1,0,P,W,RLR,1.079693902693326,775.3243065008767,0.0013925706876985,0.0261892356468312
PvsPOA_POA200_huld_W,200,,,1,0,huld,W,OLSLR,0.0002370414401977,1.0002550402753458,0.0002369810004981,0.0003172428925015
PvsPOA_POA200_huld_W,200,,,1,0,huld,W,RLR,0.0002215671437866,1.0002757571537777,0.0002215060619055,0.0003205388084156
PvsPOA_POA200_PI_W,200,,,1,0,PI,W,OLSLR,0.000139964933483,0.963062644702888,0.0001453331558989,0.0012825066311235
PvsPOA_POA200_PI_W,200,,,1,0,PI,W,RLR,0.0001670300033957,0.9635449635258152,0.0001733494644448,0.0013409166014186
PvsPOA_POA200_PRt_W,200,,,1,0,PRt,W,OLSLR,0.0001451205637291,0.9626493174986572,0.0001507512248657,0.0012671374956013
PvsPOA_POA200_PRt_W,200,,,1,0,PRt,W,RLR,0.0001744842415116,0.9630987340240188,0.0001811696302233,0.0013242229271701
PvsPOA_POA200_PR_W,200,,,1,0,PR,W,OLSLR,-0.000536939548371,0.9673739407877928,-0.0005550485967543,0.0020616040179536
PvsPOA_POA200_PR_W,200,,,1,0,PR,W,RLR,-0.0005990705046683,0.967583515516388,-0.0006191408752438,0.0021662077100547
PvsPOA_POA200_PVUSA_W,200,,,1,0,PVUSA,W,OLSLR,0.0003209988393981,0.9955417262396472,0.0003224363489119,0.0004933441541855
PvsPOA_POA200_PVUSA_W,200,,,1,0,PVUSA,W,RLR,0.0003629719730486,0.9958358078294584,0.0003644897785306,0.0004832328269446
PvsPOA_POA200_P_W,200,,,1,0,P,W,OLSLR,-1.3998863854967707,872.9605825189077,-0.0016036077842798,0.0195586673335099
PvsPOA_POA200_P_W,200,,,1,0,P,W,RLR,-0.9501871153320688,873.0291060050097,-0.0010883796528619,0.0205119922582359
PvsPOA_POA20_huld_W,20,,,1,0,huld,W,OLSLR,0.0001283369272665,1.0001444375587991,0.000128318393271,0.000322468746828
PvsPOA_POA20_huld_W,20,,,1,0,huld,W,RLR,0.0001298522203769,1.0001706761713252,0.0001298300614791,0.0003217950874468
PvsPOA_POA20_PI_W,20,,,1,0,PI,W,OLSLR,0.0003472640744909,0.9263586239247588,0.0003748700185028,0.0033211861692957
PvsPOA_POA20_PI_W,20,,,1,0,PI,W,RLR,0.0001654192562864,0.9313924405893448,0.0001776042504508,0.00291352079717
PvsPOA_POA20_PRt_W,20,,,1,0,PRt,W,OLSLR,0.0003501045085877,0.9252587831048382,0.0003783855014192,0.0032938533735024
PvsPOA_POA20_PRt_W,20,,,1,0,PRt,W,RLR,0.0001778799751079,0.9302607631501206,0.000191215175523,0.0028805389330448
PvsPOA_POA20_PR_W,20,,,1,0,PR,W,OLSLR,-0.0003161493294028,0.9350989935258176,-0.0003380918294123,0.0017949280491756
PvsPOA_POA20_PR_W,20,,,1,0,PR,W,RLR,-0.0005075834110937,0.936662378853754,-0.0005419064783139,0.0016272408581998
PvsPOA_POA20_PVUSA_W,20,,,1,0,PVUSA,W,OLSLR,0.0004294907929006,0.9769209688282032,0.0004396371933911,0.0018959973941497
PvsPOA_POA20_PVUSA_W,20,,,1,0,PVUSA,W,RLR,0.0003846782790946,0.982630710441611,0.0003914779733698,0.0011477324733685
PvsPOA_POA20_P_W,20,,,1,0,P,W,OLSLR,0.5638954468984899,727.1144732996587,0.0007755249931135,0.0288821585398081
PvsPOA_POA20_P_W,20,,,1,0,P,W,RLR,0.989409875618402,731.0665705819754,0.0013533786325789,0.030063075596091
PvsPOA_POA500_huld_W,500,,,1,0,huld,W,OLSLR,-1.553860401498455e-05,1.0007308245444242,-1.552725631496201e-05,0.0003501113178911
PvsPOA_POA500_huld_W,500,,,1,0,huld,W,RLR,5.398752412121772e-05,1.0004867418613408,5.3961258917611866e-05,0.0003647084299135
PvsPOA_POA500_PI_W,500,,,1,0,PI,W,OLSLR,-8.964726699891299e-05,0.9909247474797256,-9.046828957185489e-05,0.0005213274456303
PvsPOA_POA500_PI_W,500,,,1,0,PI,W,RLR,-0.0001550845891034,0.9911408841842814,-0.0001564707818819,0.000561496021355
PvsPOA_POA500_PRt_W,500,,,1,0,PRt,W,OLSLR,-8.871414126250562e-05,0.9908063330330784,-8.953731754108992e-05,0.0005168033985917
PvsPOA_POA500_PRt_W,500,,,1,0,PRt,W,RLR,-0.0001552456642729,0.99102262304937,-0.0001566519882212,0.000555130894194
PvsPOA_POA500_PR_W,500,,,1,0,PR,W,OLSLR,-0.0007834819239411,0.9712492535223644,-0.0008066744155526,0.0026671218524819
PvsPOA_POA500_PR_W,500,,,1,0,PR,W,RLR,-0.0009274045580115,0.9699357933995018,-0.0009561504630745,0.0028795915688742
PvsPOA_POA500_PVUSA_W,500,,,1,0,PVUSA,W,OLSLR,0.0001020864344299,0.9994755015617904,0.0001021400067039,0.0002259340910626
PvsPOA_POA500_PVUSA_W,500,,,1,0,PVUSA,W,RLR,0.0001029291220889,0.9994998115620456,0.0001029806318102,0.0002392162028445
PvsPOA_POA500_P_W,500,,,1,0,P,W,OLSLR,-3.85502238249762,1208.7277466267044,-0.0031893223211398,0.0101068971967616
PvsPOA_POA500_P_W,500,,,1,0,P,W,RLR,-3.95481205408512,1210.833117284565,-0.0032661908545698,0.0107173773386924
PvsPOA_POA50_huld_W,50,,,1,0,huld,W,OLSLR,0.0001667672891717,1.00060901686342,0.0001666657868969,0.0003246676307938
PvsPOA_POA50_huld_W,50,,,1,0,huld,W,RLR,0.0001830890955354,1.0006230686021946,0.0001829750895022,0.0003249794709632
PvsPOA_POA50_PI_W,50,,,1,0,PI,W,OLSLR,0.0004452209040031,0.9320171843318156,0.0004776960248027,0.0030055911076819
PvsPOA_POA50_PI_W,50,,,1,0,PI,W,RLR,0.0002276755216696,0.9363202967637771,0.0002431598700322,0.0027035669589278
PvsPOA_POA50_PRt_W,50,,,1,0,PRt,W,OLSLR,0.0004495970573947,0.9310754458260628,0.0004828792977091,0.0029800322556219
PvsPOA_POA50_PRt_W,50,,,1,0,PRt,W,RLR,0.0002411050001575,0.9353695315920432,0.0002577644364224,0.0026935647227087
PvsPOA_POA50_PR_W,50,,,1,0,PR,W,OLSLR,-0.0002162231168074,0.940566837401832,-0.0002298859668546,0.0016633806286219
PvsPOA_POA50_PR_W,50,,,1,0,PR,W,RLR,-0.0003761460552595,0.9413063759423886,-0.0003996000291435,0.0016254377382679
PvsPOA_POA50_PVUSA_W,50,,,1,0,PVUSA,W,OLSLR,0.0005252353096764,0.9814304645042878,0.0005351732279288,0.0016255053447905
PvsPOA_POA50_PVUSA_W,50,,,1,0,PVUSA,W,RLR,0.0004057318642685,0.9859224150529264,0.0004115251444473,0.0010647396904879
PvsPOA_POA50_P_W,50,,,1,0,P,W,OLSLR,0.7359309657457688,736.9581441293831,0.0009986061916924,0.028232985800447
PvsPOA_POA50_P_W,50,,,1,0,P,W,RLR,1.1274293195229022,741.0364752332256,0.0015214221663894,0.0294774842424397
PvsPOA_POA5_huld_W,5,,,1,0,huld,W,OLSLR,0.0001660851463466,0.9994582086779904,0.0001661751786163,0.0002970121916162
PvsPOA_POA5_huld_W,5,,,1,0,huld,W,RLR,0.0001420887220129,0.9995827063059248,0.0001421480394934,0.0003161993142248
PvsPOA_POA5_PI_W,5,,,1,0,PI,W,OLSLR,0.0003943770212728,0.9252481759364376,0.0004262391772603,0.003394742397502
PvsPOA_POA5_PI_W,5,,,1,0,PI,W,RLR,0.0001943729487063,0.9305956545019216,0.000208869392164,0.0029389462024793
PvsPOA_POA5_PRt_W,5,,,1,0,PRt,W,OLSLR,0.0003970005182321,0.9241216983356916,0.0004295976589956,0.0033675505180913
PvsPOA_POA5_PRt_W,5,,,1,0,PRt,W,RLR,0.0002067515496846,0.9294403473350382,0.0002224473580014,0.0029052900707842
PvsPOA_POA5_PR_W,5,,,1,0,PR,W,OLSLR,-0.0002680011851574,0.9339601458964928,-0.0002869514147203,0.0018584757875167
PvsPOA_POA5_PR_W,5,,,1,0,PR,W,RLR,-0.0005212248771416,0.9358572851479394,-0.000556949104755,0.0016829010472485
PvsPOA_POA5_PVUSA_W,5,,,1,0,PVUSA,W,OLSLR,0.0004733886268082,0.9758882452603388,0.0004850848743259,0.0019700611936235
PvsPOA_POA5_PVUSA_W,5,,,1,0,PVUSA,W,RLR,0.000384477015633,0.9821011762585616,0.0003914841209108,0.0011316352285145
PvsPOA_POA5_P_W,5,,,1,0,P,W,OLSLR,0.6816089173864303,726.2100038395299,0.0009385837619734,0.0289332556625384
PvsPOA_POA5_P_W,5,,,1,0,P,W,RLR,1.0839048954138653,730.243609013655,0.0014843058974222,0.0301090353088616
PvsPOA_POA800_huld_W,800,,,1,0,huld,W,OLSLR,-7.671642435813622e-05,1.0010352148323265,-7.663708850740706e-05,0.0004613013623635
PvsPOA_POA800_huld_W,800,,,1,0,huld,W,RLR,-7.99892045107364e-05,1.0006593125872776,-7.993650136920076e-05,0.0004157939648639
PvsPOA_POA800_PI_W,800,,,1,0,PI,W,OLSLR,5.4241172081317015e-05,1.0015611605056307,5.4156624897408925e-05,0.0005094135602603
PvsPOA_POA800_PI_W,800,,,1,0,PI,W,RLR,2.0706376450796427e-05,1.0015170159981264,2.067501212663886e-05,0.0005181732263234
PvsPOA_POA800_PRt_W,800,,,1,0,PRt,W,OLSLR,5.605777903953452e-05,1.0014937559647503,5.5974167293268265e-05,0.0005094052368384
PvsPOA_POA800_PRt_W,800,,,1,0,PRt,W,RLR,2.316373396862512e-05,1.0014343011309,2.3130557783437985e-05,0.0005133005876788
PvsPOA_POA800_PR_W,800,,,1,0,PR,W,OLSLR,-0.0010976678867854,0.948265394148286,-0.0011575534587249,0.0023457223411221
PvsPOA_POA800_PR_W,800,,,1,0,PR,W,RLR,-0.001054787736106,0.9479643922314478,-0.0011126870848209,0.002464791382861
PvsPOA_POA800_PVUSA_W,800,,,1,0,PVUSA,W,OLSLR,4.7321658892303256e-05,0.9998394381397095,4.732925816604056e-05,0.0001589326129004
PvsPOA_POA800_PVUSA_W,800,,,1,0,PVUSA,W,RLR,3.054639541092037e-05,0.9999482462478424,3.0547976383319035e-05,0.0001486085560678
PvsPOA_POA800_P_W,800,,,1,0,P,W,OLSLR,-2.4545441079561625,1540.5453853033794,-0.0015932955506356,0.0041035072745662
PvsPOA_POA800_P_W,800,,,1,0,P,W,RLR,-1.99370876869469,1536.9470812115433,-0.0012971876475558,0.0040640379673411
