time,PI
2016-01-01,0.850798253328463
2016-01-02,0.9090599415745981
2016-01-03,0.9353930136988609
2016-01-04,0.8724519668442594
2016-01-05,0.8191340318736898
2016-01-06,0.840804016169838
2016-01-07,0.8221260828294291
2016-01-08,0.9058478572426112
2016-01-09,0.8442940619452136
2016-01-10,0.8494745923093346
2016-01-11,
2016-01-12,0.9385970716995808
2016-01-13,0.9496887728272434
2016-01-14,0.8434821449850124
2016-01-15,0.9459052116336307
2016-01-16,0.8806878294456371
2016-01-17,0.8241685160648403
2016-01-18,0.9203153176717903
2016-01-19,0.8231308128168426
2016-01-20,0.8698827119056798
2016-01-21,0.8723407022342116
2016-01-22,0.8413982233546123
2016-01-23,0.9402636065554415
2016-01-24,0.9275888753266925
2016-01-25,0.9087444558518877
2016-01-26,0.9561667130851457
2016-01-27,0.8740423957909544
2016-01-28,0.8310629774667139
2016-01-29,0.9089715566871638
2016-01-30,0.8383816584645404
2016-01-31,0.8329350508148424
2016-02-01,0.8983911561031642
2016-02-02,0.8526749320540599
2016-02-03,0.8697313081706799
2016-02-04,0.876709303890566
2016-02-05,0.85835528077952
2016-02-06,0.9079992205310962
2016-02-07,0.9479121384435837
2016-02-08,0.9696279203480144
2016-02-09,0.9696841878148372
2016-02-10,0.8671674838819203
2016-02-11,0.8629035908284789
2016-02-12,0.8918206472137643
2016-02-13,0.8768466988587749
2016-02-14,0.9443636453220731
2016-02-15,0.9214546032960365
2016-02-16,0.8825979550057594
2016-02-17,0.9353711058723226
2016-02-18,0.8668809402098859
2016-02-19,0.9662345699425791
2016-02-20,0.9369177268922619
2016-02-21,0.9465642881442501
2016-02-22,0.9432803661955753
2016-02-23,0.9624320105623033
2016-02-24,0.9541199689565292
2016-02-25,0.8745661024146771
2016-02-26,0.9649766804038286
2016-02-27,0.9709751795831446
2016-02-28,0.9759608030291727
2016-02-29,0.9649858449639818
2016-03-01,0.9349511120101271
2016-03-02,0.9052846271183475
2016-03-03,0.9337143386026506
2016-03-04,0.9467299760784813
2016-03-05,0.9593544185885439
2016-03-06,0.9310241611768033
2016-03-07,0.8829810351102474
2016-03-08,0.8707961770258332
2016-03-09,0.9016282370031578
2016-03-10,0.9485789297559888
2016-03-11,0.9085419153861113
2016-03-12,0.9808536479601468
2016-03-13,0.9691593605961756
2016-03-14,0.9758366185453958
2016-03-15,0.9768417929000878
2016-03-16,0.9003537274557568
2016-03-17,0.9420863769682233
2016-03-18,0.981556474533526
2016-03-19,0.977651717350413
2016-03-20,0.8895522946635329
2016-03-21,0.9370877548726617
2016-03-22,0.9692638716307505
2016-03-23,0.9569175605974024
2016-03-24,0.9795190058595026
2016-03-25,0.924416554422478
2016-03-26,0.9619070063935984
2016-03-27,0.9295746958922191
2016-03-28,0.8854658372021489
2016-03-29,0.8730797884645188
2016-03-30,0.9494747294347846
2016-03-31,0.982127961668776
2016-04-01,0.9553040823768519
2016-04-02,0.9614594349287768
2016-04-03,0.8827958949466426
2016-04-04,0.9764659016773474
2016-04-05,0.9109724649756483
2016-04-06,0.9275619021962647
2016-04-07,0.9023557764937971
2016-04-08,0.9701064400896853
2016-04-09,0.948561621630924
2016-04-10,0.9577919507630728
2016-04-11,0.954760011862535
2016-04-12,0.9213292025432074
2016-04-13,0.952855884141488
2016-04-14,0.9743122583395628
2016-04-15,0.9535601853015294
2016-04-16,0.9312754779950563
2016-04-17,0.9477067828537316
2016-04-18,0.9480019271348286
2016-04-19,0.9371669091145963
2016-04-20,0.9841487625272469
2016-04-21,0.869507481614495
2016-04-22,0.906725689056703
2016-04-23,0.9358548195875024
2016-04-24,0.901550606958578
2016-04-25,0.8942743548174273
2016-04-26,0.964266868070606
2016-04-27,0.9194045256561764
2016-04-28,0.9386004134388989
2016-04-29,0.980418080013091
2016-04-30,0.9818726223579927
2016-05-01,0.9776982992760805
2016-05-02,0.9501149258532766
2016-05-03,0.8797643986052477
2016-05-04,0.9545607837436807
2016-05-05,0.9371017402473175
2016-05-06,0.9038077477588814
2016-05-07,0.9741148771696393
2016-05-08,0.9804292884544821
2016-05-09,0.9691909786209197
2016-05-10,0.9787751786134592
2016-05-11,0.9474899960361526
2016-05-12,0.9074565675621812
2016-05-13,0.9519500122714066
2016-05-14,0.8718862738587745
2016-05-15,0.9305897382221479
2016-05-16,0.9359486126452753
2016-05-17,0.9649547039867031
2016-05-18,0.8874726008489296
2016-05-19,0.9081489905941416
2016-05-20,0.9439623996831648
2016-05-21,0.9599575413648395
2016-05-22,0.9548683901291382
2016-05-23,0.9697875576129421
2016-05-24,0.9723985055517629
2016-05-25,0.9920661694623368
2016-05-26,0.9770375972196993
2016-05-27,0.9781726781455141
2016-05-28,0.85944243597711
2016-05-29,0.9619230720486057
2016-05-30,0.9621865814357481
2016-05-31,0.9353385850514471
2016-06-01,0.9850209706768863
2016-06-02,0.9561274041289435
2016-06-03,0.9450211481051564
2016-06-04,0.8989244309879977
2016-06-05,0.9185171344418237
2016-06-06,0.9800518808947125
2016-06-07,0.9767707231702311
2016-06-08,0.9768881158447935
2016-06-09,0.9759864154271641
2016-06-10,0.9722176546899893
2016-06-11,0.9893776969522636
2016-06-12,0.9845574560089051
2016-06-13,0.9864271139368745
2016-06-14,0.9318067959570934
2016-06-15,0.9462188044937255
2016-06-16,0.9447819721110987
2016-06-17,0.9794710324065141
2016-06-18,0.9844445999525416
2016-06-19,0.9744835234108677
2016-06-20,0.9797282027194266
2016-06-21,0.9871664637513486
2016-06-22,0.9716954860385868
2016-06-23,0.9368459446518359
2016-06-24,0.9255668487052349
2016-06-25,0.9767715133790734
2016-06-26,0.973546628801817
2016-06-27,0.9517150980605874
2016-06-28,0.9626156869514851
2016-06-29,0.9540135838824255
2016-06-30,0.8817233151643789
2016-07-01,0.9169192399691329
2016-07-02,0.9809915722174766
2016-07-03,0.9582308779416847
2016-07-04,0.881449428379217
2016-07-05,0.9171176254565597
2016-07-06,0.9606598962619969
2016-07-07,0.9452463701115508
2016-07-08,0.949748396398597
2016-07-09,0.9714288904202161
2016-07-10,0.974463729745007
2016-07-11,0.9777271633209421
2016-07-12,0.9801203644291482
2016-07-13,0.9804363972943138
2016-07-14,0.981564394158867
2016-07-15,0.9825090105471433
2016-07-16,0.9800107884704928
2016-07-17,0.9535095072905313
2016-07-18,0.9310474315351761
2016-07-19,0.9383878477305042
2016-07-20,0.9408386227399518
2016-07-21,0.9702307576022097
2016-07-22,0.8805925576008417
2016-07-23,0.9587260366492505
2016-07-24,0.8927914652680882
2016-07-25,0.8982258677910089
2016-07-26,0.9466244014645661
2016-07-27,0.9542320873862231
2016-07-28,0.9619610391000712
2016-07-29,0.97080129625356
2016-07-30,0.9329226495347908
2016-07-31,0.944313658052903
2016-08-01,0.978959146894016
2016-08-02,0.950272376700443
2016-08-03,0.9765712982732417
2016-08-04,0.9407046668161457
2016-08-05,0.9841695703333305
2016-08-06,0.9409175450167213
2016-08-07,0.9840294457879648
2016-08-08,0.9829044244615829
2016-08-09,0.9816752324314075
2016-08-10,0.973819375103817
2016-08-11,0.9507370380116337
2016-08-12,0.9792954997247787
2016-08-13,0.9560490199000077
2016-08-14,0.9734881122244898
2016-08-15,0.979412666095263
2016-08-16,0.9786342508807484
2016-08-17,0.9860081303772197
2016-08-18,0.9515263973264554
2016-08-19,0.9314338608335663
2016-08-20,0.9568826887641504
2016-08-21,0.8846408680369027
2016-08-22,0.972577837286027
2016-08-23,0.969545286353593
2016-08-24,0.9691141034954048
2016-08-25,0.9769791563507109
2016-08-26,0.9858632916396574
2016-08-27,0.9831100816495649
2016-08-28,0.9826894623261763
2016-08-29,0.9804345015758547
2016-08-30,0.9689502698596822
2016-08-31,0.9228179127832224
2016-09-01,0.9760349746471789
2016-09-02,0.9771700472725784
2016-09-03,0.9770048447008822
2016-09-04,0.9573476802332381
2016-09-05,0.9415070279403259
2016-09-06,0.989235265023832
2016-09-07,0.9862418272033782
2016-09-08,0.9636113428434572
2016-09-09,0.9573551010446454
2016-09-10,0.9761567357469542
2016-09-11,0.853099725211502
2016-09-12,0.8783674747346781
2016-09-13,0.9799761376555658
2016-09-14,0.929242744242995
2016-09-15,0.8639151290788009
2016-09-16,0.9491961795589453
2016-09-17,0.9735827460992131
2016-09-18,0.9875687736926686
2016-09-19,0.9752342841120824
2016-09-20,0.9817324910987226
2016-09-21,0.9800513886514869
2016-09-22,0.9335078887666673
2016-09-23,0.9540032901679025
2016-09-24,0.9580715322816534
2016-09-25,0.9366618170462625
2016-09-26,0.8464320504667863
2016-09-27,0.9419836620272415
2016-09-28,0.9666109114679029
2016-09-29,0.8593411401937132
2016-09-30,0.9530454559741003
2016-10-01,0.9411352300458478
2016-10-02,0.9747564084863197
2016-10-03,0.9714859661295014
2016-10-04,0.8577042771680646
2016-10-05,0.9598164804660685
2016-10-06,0.9421746021977306
2016-10-07,0.9707953851316431
2016-10-08,0.9262652562156186
2016-10-09,0.9674384154941235
2016-10-10,0.9482616466120962
2016-10-11,0.8474267280834586
2016-10-12,0.8442476420513981
2016-10-13,0.9668858549888809
2016-10-14,0.9535191298548362
2016-10-15,0.9558612691907146
2016-10-16,0.9720425718076162
2016-10-17,0.8588521672446637
2016-10-18,0.9082928628199335
2016-10-19,0.9663374100632397
2016-10-20,0.9204170354713327
2016-10-21,0.931980245990107
2016-10-22,0.9573128156015939
2016-10-23,0.8783721408637992
2016-10-24,0.9370972638007367
2016-10-25,0.9607370295637762
2016-10-26,0.9599017927243366
2016-10-27,0.9463360962543597
2016-10-28,0.9594517897572002
2016-10-29,0.9035821339552044
2016-10-30,0.9504317444514836
2016-10-31,0.956200138589093
2016-11-01,0.8377932152937975
2016-11-02,0.9420869856471089
2016-11-03,0.9585148772562603
2016-11-04,0.9166441537832318
2016-11-05,0.9193699761292256
2016-11-06,0.9535729274854707
2016-11-07,0.9436825383299394
2016-11-08,0.9504606527725916
2016-11-09,0.925141489788963
2016-11-10,0.8332755021453476
2016-11-11,0.8386462479226174
2016-11-12,0.8889195571380519
2016-11-13,0.9532906232368129
2016-11-14,0.8772857273039953
2016-11-15,0.8530299584994836
2016-11-16,0.9620782739513581
2016-11-17,0.958553603026567
2016-11-18,0.9561904534838338
2016-11-19,0.956804157227129
2016-11-20,0.9539316283482125
2016-11-21,0.9458592639881558
2016-11-22,0.9514335254846642
2016-11-23,0.8180477848064047
2016-11-24,0.8646080086417715
2016-11-25,0.8664327944192888
2016-11-26,0.9326667011424855
2016-11-27,0.9574527592532948
2016-11-28,0.9430435206755672
2016-11-29,0.8674187261721921
2016-11-30,0.8290057283278173
2016-12-01,0.8838739955778612
2016-12-02,0.9078956311158896
2016-12-03,0.8941689813312299
2016-12-04,0.9384071313753698
2016-12-05,0.9253457578311656
2016-12-06,0.918670471518095
2016-12-07,0.8891271729838515
2016-12-08,0.9386389355287356
2016-12-09,0.9409145030158285
2016-12-10,0.9419497555661536
2016-12-11,0.8647204396610423
2016-12-12,0.9301507838588459
2016-12-13,0.8538865332587925
2016-12-14,
2016-12-15,0.8546829391367402
2016-12-16,0.8226539056648762
2016-12-17,0.9230480345139623
2016-12-18,0.8386617453670806
2016-12-19,0.8619797749223685
2016-12-20,0.8300900901593604
2016-12-21,0.8523274256732466
2016-12-22,0.8861797275301002
2016-12-23,0.8470985463321322
2016-12-24,0.9168188715652532
2016-12-25,0.8498085362137671
2016-12-26,0.938334141195297
2016-12-27,0.9282529144696887
2016-12-28,0.9025789075300817
2016-12-29,
2016-12-30,0.8984134574774709
2016-12-31,0.8508256752623834
2017-01-01,0.909085536206989
2017-01-02,0.9353921421665227
2017-01-03,0.8726352023714122
2017-01-04,0.8191559377775002
2017-01-05,0.8408574846098016
2017-01-06,0.8221481823208785
2017-01-07,0.9058594212176656
2017-01-08,0.8443132405091708
2017-01-09,0.8495139556850314
2017-01-10,
2017-01-11,0.9386032121796289
2017-01-12,0.9496913045326758
2017-01-13,0.8434933314106818
2017-01-14,0.9459141558369438
2017-01-15,0.8806910585289446
2017-01-16,0.8241968257546528
2017-01-17,0.9203371087596903
2017-01-18,0.8231345135986193
2017-01-19,0.8698876631987608
2017-01-20,0.8723069271521139
2017-01-21,0.8414041504007509
2017-01-22,0.9402771166027365
2017-01-23,0.927607763074139
2017-01-24,0.9087472470395667
2017-01-25,0.9561748355533941
2017-01-26,0.8740425292631909
2017-01-27,0.8311139593305558
2017-01-28,0.9089687341698627
2017-01-29,0.8383762230021813
2017-01-30,0.8329347619749972
2017-01-31,0.8984299519475606
2017-02-01,0.8526723273792776
2017-02-02,0.8697285248465498
2017-02-03,0.8767123250687799
2017-02-04,0.8583599889175467
2017-02-05,0.9080048573741435
2017-02-06,0.9479149959064366
2017-02-07,0.9696334454750192
2017-02-08,0.9696899943556383
2017-02-09,0.8671782846194911
2017-02-10,0.8628458115489274
2017-02-11,0.891815136650515
2017-02-12,0.8768452762002101
2017-02-13,0.9443633737970482
2017-02-14,0.9214524741259742
2017-02-15,0.8826000759723408
2017-02-16,0.9353743852392842
2017-02-17,0.8668709062538704
2017-02-18,0.966234624131222
2017-02-19,0.9369208157103779
2017-02-20,0.9465461691582132
2017-02-21,0.9432814980004711
2017-02-22,0.9624342631485394
2017-02-23,0.9541275457205319
2017-02-24,0.8745670351900059
2017-02-25,0.9649859004858367
2017-02-26,0.9709843275966141
2017-02-27,0.9759640164865692
2017-02-28,0.9649857342604672
2017-03-01,0.9349892375023251
2017-03-02,0.9052748098381653
2017-03-03,0.933731124371749
2017-03-04,0.9467352321350869
2017-03-05,0.9593514748238352
2017-03-06,0.9310212088572438
2017-03-07,0.882981170563185
2017-03-08,0.870785435813616
2017-03-09,0.9016229201229125
2017-03-10,0.9485800427799814
2017-03-11,0.9085473084573507
2017-03-12,0.9808445652399221
2017-03-13,0.9691594093975114
2017-03-14,0.9758451278449508
2017-03-15,0.9768467575470101
2017-03-16,0.9003554764847079
2017-03-17,0.9420823761435314
2017-03-18,0.9815552182502842
2017-03-19,0.9776494573572124
2017-03-20,0.8895523997356549
2017-03-21,0.9370884771384697
2017-03-22,0.9692588386052209
2017-03-23,0.9569174119909803
2017-03-24,0.9795340017430122
2017-03-25,0.924416584818535
2017-03-26,0.9619069482325815
2017-03-27,0.9295779783548664
2017-03-28,0.8854486424967362
2017-03-29,0.8730793126280367
2017-03-30,0.9494746406330574
2017-03-31,0.9821292054604566
2017-04-01,0.9553054187839941
2017-04-02,0.961467326068201
2017-04-03,0.8827960851016345
2017-04-04,0.9764697105897318
2017-04-05,0.9109723337957988
2017-04-06,0.9275585126449883
2017-04-07,0.9023664896025568
2017-04-08,0.9701034761584669
2017-04-09,0.9485599424916745
2017-04-10,0.9577884442100448
2017-04-11,0.9547600256145473
2017-04-12,0.9213292472440562
2017-04-13,0.9528610811470435
2017-04-14,0.9743188123268544
2017-04-15,0.9535601944881338
2017-04-16,0.9312938415651979
2017-04-17,0.9477067240461539
2017-04-18,0.9480025084713505
2017-04-19,0.937166786201943
2017-04-20,0.984150366673428
2017-04-21,0.8695074676111477
2017-04-22,0.9067348285729334
2017-04-23,0.9358558584214209
2017-04-24,0.901550689902237
2017-04-25,0.8942744319904657
2017-04-26,0.9642608699020147
2017-04-27,0.9194045865135361
2017-04-28,0.9386023188360832
2017-04-29,0.9804189700911982
2017-04-30,0.9818726451739962
2017-05-01,0.9776983633677567
2017-05-02,0.9501153831121647
2017-05-03,0.8797644092378442
2017-05-04,0.9545584983960054
2017-05-05,0.9370999403892925
2017-05-06,0.9038060833665018
2017-05-07,0.974112230973598
2017-05-08,0.9804335756314303
2017-05-09,0.9691954168023459
2017-05-10,0.9787752316702878
2017-05-11,0.9474911384042152
2017-05-12,0.9074565791031103
2017-05-13,0.9519499877788112
2017-05-14,0.8718862759132973
2017-05-15,0.9305897584608102
2017-05-16,0.9359486020088045
2017-05-17,0.9649551318910694
2017-05-18,0.8874725737748229
2017-05-19,0.9081473217433962
2017-05-20,0.9439642724488699
2017-05-21,0.9599577408387724
2017-05-22,0.9548683326488013
2017-05-23,0.9697876291930104
2017-05-24,0.9724011648869809
2017-05-25,0.9920787282037259
2017-05-26,0.9770375982504799
2017-05-27,0.9781726759044552
2017-05-28,0.8594424319659986
2017-05-29,0.961923186210631
2017-05-30,0.9621865880548548
2017-05-31,0.9353385652152679
2017-06-01,0.9850160878240961
2017-06-02,0.956127421191352
2017-06-03,0.9450204491849891
2017-06-04,0.8989244385471911
2017-06-05,0.9185171379349961
2017-06-06,0.9800519244185408
2017-06-07,0.976770734475436
2017-06-08,0.9768919032105421
2017-06-09,0.975986705930524
2017-06-10,0.9722176551790257
2017-06-11,0.9893792393892983
2017-06-12,0.9845608553887941
2017-06-13,0.986429265559917
2017-06-14,0.9318067069486238
2017-06-15,0.9462188444246724
2017-06-16,0.9447817778404426
2017-06-17,0.9794701247577488
2017-06-18,0.9844446101159032
2017-06-19,0.9744834800321028
2017-06-20,0.9797280425017806
2017-06-21,0.9871647100218733
2017-06-22,0.9716956617723423
2017-06-23,0.936845937112994
2017-06-24,0.9255668702216228
2017-06-25,0.9767718851695474
2017-06-26,0.9735468085314994
2017-06-27,0.9517151531302062
2017-06-28,0.9626187196134169
2017-06-29,0.9540141068644682
2017-06-30,0.8817233144089531
2017-07-01,0.9169192617609377
2017-07-02,0.9809915542230887
2017-07-03,0.9582304903723425
2017-07-04,0.8814494291453545
2017-07-05,0.9171175548901517
2017-07-06,0.9606598759189936
2017-07-07,0.9452478329847044
2017-07-08,0.9497483918186371
2017-07-09,0.97142886876821
2017-07-10,0.9744628361809529
2017-07-11,0.9777260285807563
2017-07-12,0.9801195226492501
2017-07-13,0.9804356602782498
2017-07-14,0.981564470254128
2017-07-15,0.9825094476631582
2017-07-16,0.9800107670289633
2017-07-17,0.9535095070704755
2017-07-18,0.9310474355888954
2017-07-19,0.9383878546152632
2017-07-20,0.9408386343817998
2017-07-21,0.9702307603901736
2017-07-22,0.8805925563790918
2017-07-23,0.958726049567962
2017-07-24,0.892791463931049
2017-07-25,0.8982258677025886
2017-07-26,0.9466244022384454
2017-07-27,0.95423209215488
2017-07-28,0.9619610890385597
2017-07-29,0.9708010775405649
2017-07-30,0.9329225164904421
2017-07-31,0.9443134057495595
2017-08-01,0.9789591240439063
2017-08-02,0.95027236551294
2017-08-03,0.9765712951579563
2017-08-04,0.940704692352065
2017-08-05,0.9841695671837636
2017-08-06,0.9409175470079543
2017-08-07,0.9840294569055553
2017-08-08,0.9829044229430484
2017-08-09,0.9816752386420916
2017-08-10,0.9738193725571509
2017-08-11,0.9507268110009518
2017-08-12,0.9792954968925448
2017-08-13,0.9560490186602139
2017-08-14,0.9734811000191718
2017-08-15,0.979412666095263
2017-08-16,0.9786342406423515
2017-08-17,0.9860080898888199
2017-08-18,0.95152639257886
2017-08-19,0.9314338482500397
2017-08-20,0.9568826662240681
2017-08-21,0.8846408680535188
2017-08-22,0.9725778366194407
2017-08-23,0.9695452880104742
2017-08-24,0.9691141022809345
2017-08-25,0.9769791556323536
2017-08-26,0.9858632941853762
2017-08-27,0.9831100878203368
2017-08-28,0.9826894632236672
2017-08-29,0.9804345148189827
2017-08-30,0.9689501347499014
2017-08-31,0.9228179215336979
2017-09-01,0.9760349762036304
2017-09-02,0.9771700483173917
2017-09-03,0.9770048462826006
2017-09-04,0.9573477551258985
2017-09-05,0.9415070294927698
2017-09-06,0.9892352686689554
2017-09-07,0.9862419015686424
2017-09-08,0.9636113453992062
2017-09-09,0.9573550995013993
2017-09-10,0.9761567398136438
2017-09-11,0.853099724795095
2017-09-12,0.8783674746511855
2017-09-13,0.9799748563419624
2017-09-14,0.9292427480931622
2017-09-15,0.863915128367731
2017-09-16,0.9491961808607036
2017-09-17,0.9735826506242334
2017-09-18,0.9875687758555306
2017-09-19,0.9752342880216308
2017-09-20,0.9817364993911902
2017-09-21,0.9800513898603064
2017-09-22,0.9335078867014646
2017-09-23,0.9540152208335867
2017-09-24,0.958071535399215
2017-09-25,0.9366618176245971
2017-09-26,0.8464320505727196
2017-09-27,0.9419837209095154
2017-09-28,0.9666109092806061
2017-09-29,0.8593411415544646
2017-09-30,0.9530463534804965
2017-10-01,0.9411352329787962
2017-10-02,0.9747564095033417
2017-10-03,0.9714859649928748
2017-10-04,0.8577042769009718
2017-10-05,0.9598164813712285
2017-10-06,0.9421745942257305
2017-10-07,0.970795381598572
2017-10-08,0.9262652514964751
2017-10-09,0.9674384103841026
2017-10-10,0.9482615601920883
2017-10-11,0.8474267338511342
2017-10-12,0.8442476413568166
2017-10-13,0.9668858588657913
2017-10-14,0.9535191334446333
2017-10-15,0.955861267918828
2017-10-16,0.9720425723181919
2017-10-17,0.8588521670214572
2017-10-18,0.9082928665638982
2017-10-19,0.9663374053084037
2017-10-20,0.920417031155765
2017-10-21,0.9319802462091825
2017-10-22,0.957312815289453
2017-10-23,0.8783721462438616
2017-10-24,0.937097262908439
2017-10-25,0.960737041320599
2017-10-26,0.959901792658118
2017-10-27,0.9463360969979403
2017-10-28,0.9594517893124714
2017-10-29,0.9035821312927181
2017-10-30,0.9504317447744375
2017-10-31,0.9562001354408423
2017-11-01,0.8377932157915075
2017-11-02,0.9420869763694422
2017-11-03,0.9585146515828755
2017-11-04,0.9166441529777652
2017-11-05,0.9193699638167966
2017-11-06,0.9535729278426955
2017-11-07,0.943682536811835
2017-11-08,0.9504606534131324
2017-11-09,0.9251414834290049
2017-11-10,0.8332755018294271
2017-11-11,0.8386462481280846
2017-11-12,0.8889195541832521
2017-11-13,0.9532905089955107
2017-11-14,0.8772857280244051
2017-11-15,0.8530299584432941
2017-11-16,0.9620782753933834
2017-11-17,0.958553601507677
2017-11-18,0.9561904617166851
2017-11-19,0.956806560966053
2017-11-20,0.9539316290284073
2017-11-21,0.9458592652237152
2017-11-22,0.9514335365657005
2017-11-23,0.8180477119559284
2017-11-24,0.8646080084376828
2017-11-25,0.8664327925964618
2017-11-26,0.9326667011268498
2017-11-27,0.9574527597926412
2017-11-28,0.9430435252559071
2017-11-29,0.8674187265131413
2017-11-30,0.8290057294021331
2017-12-01,0.8838740144723758
2017-12-02,0.9078956332420504
2017-12-03,0.8941689810298893
2017-12-04,0.9384071277334669
2017-12-05,0.925345757494836
2017-12-06,0.9186704734659451
2017-12-07,0.8891271724833238
2017-12-08,0.9386389350999131
2017-12-09,0.9409145026401741
2017-12-10,0.9419497556072287
2017-12-11,0.864720439465757
2017-12-12,0.9301502515488235
2017-12-13,0.8538865327781091
2017-12-14,
2017-12-15,0.854682944535915
2017-12-16,0.8226539120755615
2017-12-17,0.9230480353636179
2017-12-18,0.8386617454048255
2017-12-19,0.8619797693856974
2017-12-20,0.8300900901593604
2017-12-21,0.8523274259000951
2017-12-22,0.8861797276934379
2017-12-23,0.8470985462274553
2017-12-24,0.9168188715795955
2017-12-25,0.8498085381195742
2017-12-26,0.9383341282632747
2017-12-27,0.9282529170531245
2017-12-28,0.9025789084033554
2017-12-29,
2017-12-30,0.8984134573512543
2017-12-31,0.8508256757198459
2018-01-01,0.9090855509229635
2018-01-02,0.9353921416607749
2018-01-03,0.8726353672799322
2018-01-04,0.8191559388721394
2018-01-05,0.8408574864138115
2018-01-06,0.8221481822229286
2018-01-07,0.9058594215188384
2018-01-08,0.8443132405091708
2018-01-09,0.8495139559108108
2018-01-10,
2018-01-11,0.9386032100940191
2018-01-12,0.9496913032675244
2018-01-13,0.8434933304268577
2018-01-14,0.9459141554665705
2018-01-15,0.8806910603519362
2018-01-16,0.8241968257546528
2018-01-17,0.9203371053732162
2018-01-18,0.8231345135986193
2018-01-19,0.8698876633212848
2018-01-20,0.8723069270673769
2018-01-21,0.8414041519603711
2018-01-22,0.9402771625865021
2018-01-23,0.9276077652058761
2018-01-24,0.9087476040350486
2018-01-25,0.9561760723769647
2018-01-26,0.8740425323726289
2018-01-27,0.8311139623298576
2018-01-28,0.9089687455101929
2018-01-29,0.8383762220512819
2018-01-30,0.8329347617990478
2018-01-31,0.8984299515747922
2018-02-01,0.8526723201423164
2018-02-02,0.8697285249847143
2018-02-03,0.8767123255377437
2018-02-04,0.8583599843768103
2018-02-05,0.9080048581085703
2018-02-06,0.9479150011249603
2018-02-07,0.9696334565660503
2018-02-08,0.9696900012629166
2018-02-09,0.8671782830842654
2018-02-10,0.8628458119263391
2018-02-11,0.8918151354406337
2018-02-12,0.876845273924009
2018-02-13,0.9443633722632787
2018-02-14,0.9214524781921929
2018-02-15,0.8826000757521311
2018-02-16,0.9353743785886799
2018-02-17,0.8668709086662076
2018-02-18,0.9662346225952769
2018-02-19,0.9369208157004254
2018-02-20,0.9465461684546257
2018-02-21,0.9432814985764265
2018-02-22,0.9624342628851283
2018-02-23,0.9541275461458941
2018-02-24,0.8745670569661459
2018-02-25,0.9649858937009989
2018-02-26,0.9709843386702477
2018-02-27,0.9759640185192171
2018-02-28,0.9649857291495805
2018-03-01,0.9349892378789593
2018-03-02,0.9052748004494201
2018-03-03,0.9337311311624477
2018-03-04,0.9467352318339463
2018-03-05,0.9593514755033383
2018-03-06,0.931021216316396
2018-03-07,0.8829811703761244
2018-03-08,0.8707854362476826
2018-03-09,0.9016229219506459
2018-03-10,0.9485800423843427
2018-03-11,0.9085473233468636
2018-03-12,0.9808445314777378
2018-03-13,0.9691594102821679
2018-03-14,0.9758451272926809
2018-03-15,0.9768467416388257
2018-03-16,0.9003554658993612
2018-03-17,0.9420823746777081
2018-03-18,0.9815552182502842
2018-03-19,0.9776494626205581
2018-03-20,0.8895524007981122
2018-03-21,0.9370884745962963
2018-03-22,0.9692588364846534
2018-03-23,0.9569174102112573
2018-03-24,0.9795339981062668
2018-03-25,0.9244165844232823
2018-03-26,0.9619069477874941
2018-03-27,0.9295779775818145
2018-03-28,0.8854486436554295
2018-03-29,0.873079305020821
2018-03-30,0.9494746393819219
2018-03-31,0.9821291070848072
2018-04-01,0.9553054341694077
2018-04-02,0.9614668807469033
2018-04-03,0.882796088014237
2018-04-04,0.976469712275023
2018-04-05,0.9109723315136596
2018-04-06,0.9275585107481945
2018-04-07,0.9023664888824681
2018-04-08,0.9701031298393145
2018-04-09,0.9485599427290428
2018-04-10,0.957788428547622
2018-04-11,0.9547600256966782
2018-04-12,0.9213292482234768
2018-04-13,0.9528610820021988
2018-04-14,0.9743188149676015
2018-04-15,0.9535601949358503
2018-04-16,0.931293842127026
2018-04-17,0.9477093903804708
2018-04-18,0.9480025267418767
2018-04-19,0.9371667710780349
2018-04-20,0.9841503677989876
2018-04-21,0.869507467279078
2018-04-22,0.9067348309366702
2018-04-23,0.9358558612203546
2018-04-24,0.901550692107696
2018-04-25,0.8942744387884786
2018-04-26,0.9642608683642317
2018-04-27,0.9194045882644057
2018-04-28,0.938602318503138
2018-04-29,0.9804189690154228
2018-04-30,0.9818726484286135
2018-05-01,0.9776983651760633
2018-05-02,0.9501153811566111
2018-05-03,0.8797644094568733
2018-05-04,0.9545584989603013
2018-05-05,0.9370999462725772
2018-05-06,0.9038060856115464
2018-05-07,0.9741122335294014
2018-05-08,0.9804335749315087
2018-05-09,0.9691954184597392
2018-05-10,0.9787752279227878
2018-05-11,0.947491137783734
2018-05-12,0.9074565795969239
2018-05-13,0.9519499863369597
2018-05-14,0.8718862759843798
2018-05-15,0.930589759195677
2018-05-16,0.9359486016457826
2018-05-17,0.9649551118369945
2018-05-18,0.8874725977725885
2018-05-19,0.9081473251545634
2018-05-20,0.9439642726755108
2018-05-21,0.9599577492520059
2018-05-22,0.9548683348287873
2018-05-23,0.969787632632741
2018-05-24,0.9724011655497952
2018-05-25,0.9920787283437988
2018-05-26,0.9770375983163024
2018-05-27,0.9781726774471156
2018-05-28,0.8594424317591477
2018-05-29,0.9619231923716504
2018-05-30,0.9621865883894739
2018-05-31,0.9353385641473473
2018-06-01,0.9850153817836439
2018-06-02,0.9561274218695512
2018-06-03,0.9450204478962433
2018-06-04,0.8989244389832908
2018-06-05,0.918517138118519
2018-06-06,0.9800519243998447
2018-06-07,0.9767707346095719
2018-06-08,0.9768911270285665
2018-06-09,0.97598669929268
2018-06-10,0.9722176552001859
2018-06-11,0.9893832789906624
2018-06-12,0.9845608571462856
2018-06-13,0.9864292571177675
2018-06-14,0.9318067004692379
2018-06-15,0.9462188322720779
2018-06-16,0.9447817761408486
2018-06-17,0.9794701246831815
2018-06-18,0.9844446115122378
2018-06-19,0.9744834768729622
2018-06-20,0.9797280480295729
2018-06-21,0.9871647181989579
2018-06-22,0.9716956619000767
2018-06-23,0.9368459365351463
2018-06-24,0.9255668717781567
2018-06-25,0.9767718962878499
2018-06-26,0.9735468106749987
2018-06-27,0.9517151526887953
2018-06-28,0.9626187154487124
2018-06-29,0.9540141074154771
2018-06-30,0.8817233143692935
2018-07-01,0.916919261666718
2018-07-02,0.9809915527939312
2018-07-03,0.9582304905356379
2018-07-04,0.8814494292086513
2018-07-05,0.9171175487815658
2018-07-06,0.9606598738816274
2018-07-07,0.9452478365891678
2018-07-08,0.9497483914462813
2018-07-09,0.9714288668571891
2018-07-10,0.9744628362851843
2018-07-11,0.9777261229752492
2018-07-12,0.9801195226302923
2018-07-13,0.9804356611786321
2018-07-14,0.981564470135214
2018-07-15,0.9825094478905012
2018-07-16,0.9800107647928142
2018-07-17,0.953509507030696
2018-07-18,0.9310474359826507
2018-07-19,0.9383878543514795
2018-07-20,0.9408386356332422
2018-07-21,0.970230760375607
2018-07-22,0.8805925562553192
2018-07-23,0.9587266484106697
2018-07-24,0.8927914636786907
2018-07-25,0.8982258677020054
2018-07-26,0.9466244024302871
2018-07-27,0.9542324898543699
2018-07-28,0.961961088413048
2018-07-29,0.9708010772207816
2018-07-30,0.9329225017986972
2018-07-31,0.9443134083107148
2018-08-01,0.9789591215682415
2018-08-02,0.950272364299544
2018-08-03,0.9765712938264383
2018-08-04,0.9407046951032996
2018-08-05,0.9841695669017284
2018-08-06,0.9409175471152045
2018-08-07,0.9840294581938837
2018-08-08,0.9829044227886311
2018-08-09,0.9816752389824611
2018-08-10,0.9738193720784165
2018-08-11,0.9507253038814732
2018-08-12,0.9792954965445434
2018-08-13,0.9560490105460289
2018-08-14,0.9734810744326025
2018-08-15,0.9794126660975149
2018-08-16,0.9786342397411922
2018-08-17,0.9860080847381247
2018-08-18,0.951526392002433
2018-08-19,0.931433846694675
2018-08-20,0.9568826633485493
2018-08-21,0.8846408680358053
2018-08-22,0.9725778365849768
2018-08-23,0.9695452888748071
2018-08-24,0.9691144939241003
2018-08-25,0.9769791554757474
2018-08-26,0.9858632944091423
2018-08-27,0.9831100889333193
2018-08-28,0.9826894634743297
2018-08-29,0.9804345166852578
2018-08-30,0.9689501150786316
2018-08-31,0.9228179227020772
2018-09-01,0.9760349763788932
2018-09-02,0.9771700484495596
2018-09-03,0.9770048465081267
2018-09-04,0.957347765570625
2018-09-05,0.941507029797721
2018-09-06,0.989235269140772
2018-09-07,0.9862419045599691
2018-09-08,0.9636146081881317
2018-09-09,0.9573550993467624
2018-09-10,0.9761567404566571
2018-09-11,0.8530997246642298
2018-09-12,0.8783674746131679
2018-09-13,0.9799748565713717
2018-09-14,0.9292427481668362
2018-09-15,0.8639151282647596
2018-09-16,0.9491961810613242
2018-09-17,0.9736040473134382
2018-09-18,0.9875687761825055
2018-09-19,0.9752342887141751
2018-09-20,0.981736499013775
2018-09-21,0.9800513900704754
2018-09-22,0.9335078864324095
2018-09-23,0.9540152227536786
2018-09-24,0.9580714216399819
2018-09-25,0.936661817702117
2018-09-26,0.8464320506029623
2018-09-27,0.9419837300016343
2018-09-28,0.966610908986338
2018-09-29,0.859341141783326
2018-09-30,0.953046355826341
2018-10-01,0.9411352334286538
2018-10-02,0.9747564096744078
2018-10-03,0.9714859647440549
2018-10-04,0.8577042765620042
2018-10-05,0.9598164815435078
2018-10-06,0.9421745928825896
2018-10-07,0.9707953809181308
2018-10-08,0.9262652507305605
2018-10-09,0.967438409546594
2018-10-10,0.9482615459028416
2018-10-11,0.8474267345788089
2018-10-12,0.8442476411141612
2018-10-13,0.966885859559576
2018-10-14,0.9535191338771474
2018-10-15,0.9558612676716783
2018-10-16,0.9720425724108893
2018-10-17,0.8588521670019809
2018-10-18,0.9082928672676777
2018-10-19,0.9663374045586901
2018-10-20,0.9204170304470943
2018-10-21,0.9319802462620248
2018-10-22,0.9573128152496589
2018-10-23,0.8783721471093512
2018-10-24,0.9370972627976999
2018-10-25,0.9607370432409961
2018-10-26,0.9599017927192964
2018-10-27,0.9463360971021209
2018-10-28,0.9594517892365768
2018-10-29,0.9035821308056857
2018-10-30,0.9504317448128158
2018-10-31,0.9562001352257079
2018-11-01,0.8377932158499577
2018-11-02,0.9420869750060636
2018-11-03,0.9585146518078731
2018-11-04,0.9166441528572656
2018-11-05,0.9193699617420522
2018-11-06,0.9535729278808593
2018-11-07,0.9436825365220459
2018-11-08,0.9504606535208433
2018-11-09,0.9251414823273812
2018-11-10,0.8332755017719541
2018-11-11,0.8386462481691648
2018-11-12,0.8889195536658251
2018-11-13,0.95329051020832
2018-11-14,0.8772857280792831
2018-11-15,0.8530299584433414
2018-11-16,0.9620782756297567
2018-11-17,0.9585536012221988
2018-11-18,0.9561904631822555
2018-11-19,0.9568065608017458
2018-11-20,0.9539316291555742
2018-11-21,0.9458593750812532
2018-11-22,0.9514335387591777
2018-11-23,0.8180476994672754
2018-11-24,0.8646080085710492
2018-11-25,0.8664327923488072
2018-11-26,0.9326667010254596
2018-11-27,0.9574527598992335
2018-11-28,0.9430435260642286
2018-11-29,0.8674187265574641
2018-11-30,0.8290057295364405
2018-12-01,0.8838740180886038
2018-12-02,0.9078956336171974
2018-12-03,0.894168980996392
2018-12-04,0.9384071272955614
2018-12-05,0.925345757411103
2018-12-06,0.9186704738261126
2018-12-07,0.8891271724442801
2018-12-08,0.9386389350271934
2018-12-09,0.9409145025592828
2018-12-10,0.94194975562866
2018-12-11,0.8647204394378482
2018-12-12,0.9301502516110959
2018-12-13,0.8538865327778727
2018-12-14,
2018-12-15,0.8546829457210754
2018-12-16,0.8226539133577078
2018-12-17,0.9230480355285412
2018-12-18,0.8386617454424281
2018-12-19,0.8619797684475907
2018-12-20,0.8300900901593604
2018-12-21,0.8523274259506431
2018-12-22,0.8861797276769878
2018-12-23,0.8470985462274553
2018-12-24,0.9168188715660104
2018-12-25,0.8498085384631415
2018-12-26,0.938334125885997
2018-12-27,0.9282529175007624
2018-12-28,0.9025789085539667
2018-12-29,
2018-12-30,0.8984134573330876
2018-12-31,0.850825675846848
2019-01-01,0.9090855535818545
2019-01-02,0.9353921415837055
2019-01-03,0.8726353981231212
2019-01-04,0.8191559391153925
2019-01-05,0.8408574867551236
2019-01-06,0.8221481822229286
2019-01-07,0.9058594215941602
2019-01-08,0.8443132405091708
2019-01-09,0.8495139559108108
2019-01-10,
2019-01-11,0.9386032096158856
2019-01-12,0.9496913030344523
2019-01-13,0.8434933303566003
2019-01-14,0.9459141553803719
2019-01-15,0.8806910606380116
2019-01-16,0.8241968257546528
2019-01-17,0.9203371048755018
2019-01-18,0.8231345135986193
2019-01-19,0.8698876633213336
2019-01-20,0.8723069270461372
2019-01-21,0.8414041522008631
2019-01-22,0.9402771713023719
2019-01-23,0.9276077655896562
2019-01-24,0.9087476039178752
2019-01-25,0.9561760721899151
2019-01-26,0.8740425329630194
2019-01-27,0.8311139629836205
2019-01-28,0.9089687479075984
2019-01-29,0.8383762218814809
2019-01-30,0.8329347617638578
2019-01-31,0.8984299515093106
2019-02-01,0.8526723187884313
2019-02-02,0.8697285250234185
2019-02-03,0.8767123256941021
2019-02-04,0.8583599835175815
2019-02-05,0.9080152502446932
2019-02-06,0.947915002092277
2019-02-07,0.9696334585834765
2019-02-08,0.9696900025825947
2019-02-09,0.8671782827701544
2019-02-10,0.8628458119802136
2019-02-11,0.8918151352428189
2019-02-12,0.8768452735420383
2019-02-13,0.9443633719370774
2019-02-14,0.9214524789822199
2019-02-15,0.882600075705817
2019-02-16,0.9353743773273151
2019-02-17,0.866870909109673
2019-02-18,0.96623462249456
2019-02-19,0.9369208157283723
2019-02-20,0.9465461680781084
2019-02-21,0.9432814986790743
2019-02-22,0.9624342627521664
2019-02-23,0.9541275462016877
2019-02-24,0.8745670612401882
2019-02-25,0.9649858921752328
2019-02-26,0.9709843408978633
2019-02-27,0.9759640188308736
2019-02-28,0.9649857281327417
2019-03-01,0.9349892379827619
2019-03-02,0.9052747985913842
2019-03-03,0.9337311325000959
2019-03-04,0.9467352318220476
2019-03-05,0.9593514755906768
2019-03-06,0.9310212178416818
2019-03-07,0.8829811703347121
2019-03-08,0.8707854363845327
2019-03-09,0.9016229223311373
2019-03-10,0.94858004231239
2019-03-11,0.9085473263010904
2019-03-12,0.980844524552851
2019-03-13,0.9691594104910571
2019-03-14,0.9758451271961145
2019-03-15,0.9768467381687449
2019-03-16,0.9003554637003787
2019-03-17,0.9420823743967244
2019-03-18,0.9815552182502842
2019-03-19,0.9776494638158334
2019-03-20,0.8895524009855259
2019-03-21,0.9370884741286745
2019-03-22,0.9692588360061811
2019-03-23,0.9569174098599305
2019-03-24,0.9795340001462818
2019-03-25,0.9244165845811767
2019-03-26,0.9619069476678112
2019-03-27,0.9295779774112626
2019-03-28,0.8854486439311154
2019-03-29,0.8730793033353278
2019-03-30,0.9494746390877299
2019-03-31,0.9821291046325532
2019-04-01,0.9553054383898542
2019-04-02,0.9614668813819693
2019-04-03,0.8827960886751198
2019-04-04,0.9764697135404601
2019-04-05,0.9109723310228005
2019-04-06,0.9275585103131844
2019-04-07,0.9023664886664877
2019-04-08,0.9701031297449947
2019-04-09,0.948559942817094
2019-04-10,0.9577884251202151
2019-04-11,0.9547600257233919
2019-04-12,0.9213292483674177
2019-04-13,0.9528610821540993
2019-04-14,0.9743188157744757
2019-04-15,0.9535601949191792
2019-04-16,0.9312938421852126
2019-04-17,0.947709390445241
2019-04-18,0.9480025308238227
2019-04-19,0.9371667676639787
2019-04-20,0.9841503680656396
2019-04-21,0.8695074672010793
2019-04-22,0.9067348315022189
2019-04-23,0.9358558619289137
2019-04-24,0.9015506926511313
2019-04-25,0.8942744403044437
2019-04-26,0.9642608680796363
2019-04-27,0.9194045886632866
2019-04-28,0.9386023184566925
2019-04-29,0.9804189701435636
2019-04-30,0.9818726491414443
2019-05-01,0.9776983656175302
2019-05-02,0.9501153851768207
2019-05-03,0.8797644097011851
2019-05-04,0.9545584990745565
2019-05-05,0.9370998964577668
2019-05-06,0.903806086041306
2019-05-07,0.9741122342118607
2019-05-08,0.98043357473321
2019-05-09,0.9691954188860438
2019-05-10,0.9787752268801411
2019-05-11,0.9474911376330062
2019-05-12,0.9074565797273265
2019-05-13,0.9519499860934577
2019-05-14,0.8718862759959067
2019-05-15,0.9305897590955396
2019-05-16,0.9359486015365417
2019-05-17,0.9649551063977362
2019-05-18,0.8874725979214578
2019-05-19,0.908147320844496
2019-05-20,0.9439642726843084
2019-05-21,0.9599577511055669
2019-05-22,0.9548683348691016
2019-05-23,0.9697876334891179
2019-05-24,0.9724011656814647
2019-05-25,0.9920787283116702
2019-05-26,0.9770375983382433
2019-05-27,0.978172677726969
2019-05-28,0.8594424317177001
2019-05-29,0.9619231937849934
2019-05-30,0.9621865885010648
2019-05-31,0.9353385638753962
2019-06-01,0.9850153832678299
2019-06-02,0.9561274220808077
2019-06-03,0.945020447559486
2019-06-04,0.898924439104216
2019-06-05,0.9185171381657408
2019-06-06,0.9800519243936139
2019-06-07,0.9767707346497149
2019-06-08,0.9768911271828373
2019-06-09,0.9759866968207913
2019-06-10,0.9722176552093493
2019-06-11,0.9893832791223255
2019-06-12,0.984560857650394
2019-06-13,0.986429255049141
2019-06-14,0.9318066988106334
2019-06-15,0.9462188479003002
2019-06-16,0.944781775689599
2019-06-17,0.979470124661865
2019-06-18,0.9844446119322093
2019-06-19,0.9744834761235096
2019-06-20,0.9797280494192658
2019-06-21,0.987164720397392
2019-06-22,0.9716956620114635
2019-06-23,0.9368459363685073
2019-06-24,0.925566872368552
2019-06-25,0.9767718992623526
2019-06-26,0.9735468114101042
2019-06-27,0.9517151524904099
2019-06-28,0.962618714383132
2019-06-29,0.9540141074610633
2019-06-30,0.8817233143538518
2019-07-01,0.9169192616193879
2019-07-02,0.980991552322641
2019-07-03,0.9582304906070379
2019-07-04,0.8814494292226454
2019-07-05,0.9171175470882128
2019-07-06,0.9606598733464543
2019-07-07,0.9452479867854168
2019-07-08,0.9497483913071249
2019-07-09,0.9714288663154796
2019-07-10,0.9744628363146424
2019-07-11,0.977726123095501
2019-07-12,0.9801195226255318
2019-07-13,0.9804356613755169
2019-07-14,0.9815644701098272
2019-07-15,0.9825094479256419
2019-07-16,0.9800107641736303
2019-07-17,0.9535095069681995
2019-07-18,0.9310474361280507
2019-07-19,0.9383878542692149
2019-07-20,0.9408386359568278
2019-07-21,0.9702307603867979
2019-07-22,0.8805925562165314
2019-07-23,0.9587266481661905
2019-07-24,0.8927914636284198
2019-07-25,0.8982258676837632
2019-07-26,0.9466244025158135
2019-07-27,0.9542324899812891
2019-07-28,0.9619610882974977
2019-07-29,0.9708010771015375
2019-07-30,0.9329224973528748
2019-07-31,0.9443134091443821
2019-08-01,0.9789591207900178
2019-08-02,0.9502723640509229
2019-08-03,0.9765712932937478
2019-08-04,0.9407046958530375
2019-08-05,0.9841695667156446
2019-08-06,0.9409175471842903
2019-08-07,0.9840294585646497
2019-08-08,0.9829044226991533
2019-08-09,0.9816752391901787
2019-08-10,0.9738193720317221
2019-08-11,0.9507253037430207
2019-08-12,0.9792954964545038
2019-08-13,0.9560490105074722
2019-08-14,0.9734810666242136
2019-08-15,0.9794126660999165
2019-08-16,0.9786342394934364
2019-08-17,0.9860080830155166
2019-08-18,0.9515263918957587
2019-08-19,0.9314338462287474
2019-08-20,0.9568826624887838
2019-08-21,0.884640868036242
2019-08-22,0.9725778365128909
2019-08-23,0.9695452889421798
2019-08-24,0.96911449412265
2019-08-25,0.9769791554538653
2019-08-26,0.9858632945662003
2019-08-27,0.9831100893035446
2019-08-28,0.9826894635692919
2019-08-29,0.9804345172552359
2019-08-30,0.9689501098362159
2019-08-31,0.922817922704333
2019-09-01,0.9760349764255501
2019-09-02,0.9771700484884092
2019-09-03,0.9770048469569862
2019-09-04,0.9573477690331372
2019-09-05,0.9415070298706826
2019-09-06,0.9892352703090129
2019-09-07,0.9862419055082152
2019-09-08,0.9636146083458279
2019-09-09,0.9573550992951991
2019-09-10,0.9761567406252382
2019-09-11,0.8530997246511637
2019-09-12,0.8783674746227295
2019-09-13,0.9799748566387972
2019-09-14,0.9292427483300264
2019-09-15,0.8639151281727195
2019-09-16,0.9491961811065118
2019-09-17,0.9736040484906292
2019-09-18,0.9875687762842418
2019-09-19,0.9752342889716594
2019-09-20,0.9817364989018224
2019-09-21,0.9800513901015554
2019-09-22,0.9335078862823241
2019-09-23,0.9540152232453556
2019-09-24,0.9580714218169923
2019-09-25,0.9366618177281096
2019-09-26,0.8464320506330232
2019-09-27,0.9419837333409189
2019-09-28,0.9666109088819632
2019-09-29,0.8593411418405495
2019-09-30,0.9530459131578117
2019-10-01,0.9411352335462706
2019-10-02,0.9747564097398429
2019-10-03,0.9714859646846826
2019-10-04,0.8577042764805033
2019-10-05,0.9598164815389638
2019-10-06,0.9421745924065743
2019-10-07,0.9707953807767173
2019-10-08,0.9262652505168801
2019-10-09,0.9674384092420671
2019-10-10,0.9482615410116102
2019-10-11,0.8474267349148829
2019-10-12,0.8442476411659227
2019-10-13,0.9668858597822523
2019-10-14,0.953519134048511
2019-10-15,0.9558612676427762
2019-10-16,0.9720425724432916
2019-10-17,0.8588521670023875
2019-10-18,0.9082928674659582
2019-10-19,0.9663374043751953
2019-10-20,0.9204170302036687
2019-10-21,0.9319802462544456
2019-10-22,0.9573128152248684
2019-10-23,0.878372147449982
2019-10-24,0.937097262748588
2019-10-25,0.9607370439105725
2019-10-26,0.9599017928850605
2019-10-27,0.9463360971608041
2019-10-28,0.9594517892188228
2019-10-29,0.9035821306712402
2019-10-30,0.9504317448512034
2019-10-31,0.9562001350452632
2019-11-01,0.8377932134772205
2019-11-02,0.9420869744847228
2019-11-03,0.958514651841872
2019-11-04,0.9166441527926081
2019-11-05,0.9193699609395111
2019-11-06,0.953572927905349
2019-11-07,0.9436825364471646
2019-11-08,0.9504606535548421
2019-11-09,0.9251414819529037
2019-11-10,0.8332755017431286
2019-11-11,0.838646248128026
2019-11-12,0.8889195535024758
2019-11-13,0.9532905107599844
2019-11-14,0.8772857281348613
2019-11-15,0.8530299584433414
2019-11-16,0.962078275697887
2019-11-17,0.9585536011183715
2019-11-18,0.9561904636876486
2019-11-19,0.9568065607984194
2019-11-20,0.953931629194275
2019-11-21,0.9458593751520675
2019-11-22,0.951433539475329
2019-11-23,0.818047695304391
2019-11-24,0.8646080085485216
2019-11-25,0.8664327922588446
2019-11-26,0.9326667010351234
2019-11-27,0.9574527599276351
2019-11-28,0.9430435263337001
2019-11-29,0.8674187265570207
2019-11-30,0.8290057296035941
2019-12-01,0.8838740193574411
2019-12-02,0.9078956337601023
2019-12-03,0.8941689809798431
2019-12-04,0.9384071269059782
2019-12-05,0.9253457574109072
2019-12-06,0.9186704739500885
2019-12-07,0.8891271723654868
2019-12-08,0.9386389350055597
2019-12-09,0.9409145025224319
2019-12-10,0.9419497556064331
2019-12-11,0.8647204394378482
2019-12-12,0.9301502516555648
2019-12-13,0.8538865326174383
2019-12-14,
2019-12-15,0.8546829459844602
2019-12-16,0.8226539136535813
2019-12-17,0.9230480355791664
2019-12-18,0.8386617454799917
2019-12-19,0.8619797680721845
2019-12-20,0.8300900901593604
2019-12-21,0.8523274259000865
2019-12-22,0.8861797277097208
2019-12-23,0.8470985462274553
2019-12-24,0.9168188716072411
2019-12-25,0.8498085385569432
2019-12-26,0.9383341250435547
2019-12-27,0.9282529176465536
2019-12-28,0.9025789086733456
2019-12-29,
2019-12-30,0.8984134573514704
2019-12-31,0.8508256758976305
2020-01-01,0.909085554505997
2020-01-02,0.9353921415407771
2020-01-03,0.8726354087569006
2020-01-04,0.819155939237019
2020-01-05,0.8408574869500579
2020-01-06,0.8221481822229286
2020-01-07,0.9058594216244064
2020-01-08,0.8443132405091708
2020-01-09,0.8495139559108108
2020-01-10,
2020-01-11,0.9386032094565798
2020-01-12,0.9496913029545162
2020-01-13,0.8434933302159753
2020-01-14,0.9459141553673
2020-01-15,0.8806910607041191
2020-01-16,0.8241968257546528
2020-01-17,0.9203371046812525
2020-01-18,0.8231345135986193
2020-01-19,0.8698876633214042
2020-01-20,0.8723069270461931
2020-01-21,0.8414041522808396
2020-01-22,0.9402771743458572
2020-01-23,0.9276077657445384
2020-01-24,0.9087476038945089
2020-01-25,0.9561760720987263
2020-01-26,0.8740425332412123
2020-01-27,0.8311139632144711
2020-01-28,0.9089687486753298
2020-01-29,0.8383762218135605
2020-01-30,0.8329347617638578
2020-01-31,0.8984299514225895
2020-02-01,0.8526723182982173
2020-02-02,0.8697285250500906
2020-02-03,0.8767123256941962
2020-02-04,0.8583599832758693
2020-02-05,0.9080152503132178
2020-02-06,0.9479150024295258
2020-02-07,0.969633459313911
2020-02-08,0.9696900030940362
2020-02-09,0.867178282665498
2020-02-10,0.8628458119982186
2020-02-11,0.8918151351730402
2020-02-12,0.8768452733648545
2020-02-13,0.9443633718490676
2020-02-14,0.9214524792866932
2020-02-15,0.8826000756941986
2020-02-16,0.9353743768745348
2020-02-17,0.8668709094996132
2020-02-18,0.9662346220536444
2020-02-19,0.9369208157118334
2020-02-20,0.946546168019892
2020-02-21,0.9432814987150043
2020-02-22,0.9624342627187641
2020-02-23,0.9541275462604197
2020-02-24,0.8745670627844868
2020-02-25,0.9649858913544395
2020-02-26,0.970984341739825
2020-02-27,0.9759640190156471
2020-02-28,0.9649857277221212
2020-02-29,0.9349892380088611
2020-03-01,0.9052747979447433
2020-03-02,0.9337311328814968
2020-03-03,0.9467352318110885
2020-03-04,0.9593514756616617
2020-03-05,0.9310212186133405
2020-03-06,0.8829811703243585
2020-03-07,0.8707854363959235
2020-03-08,0.9016229224789081
2020-03-09,0.9485800422866615
2020-03-10,0.9085473274213628
2020-03-11,0.9808445219916803
2020-03-12,0.9691594105611031
2020-03-13,0.9758451271670601
2020-03-14,0.9768467368825134
2020-03-15,0.9003554629082642
2020-03-16,0.9420823742315055
2020-03-17,0.9815552182502842
2020-03-18,0.9776494642174507
2020-03-19,0.8895524010581336
2020-03-20,0.9370884739624584
2020-03-21,0.9692588361861683
2020-03-22,0.9569174097693748
2020-03-23,0.9795339976054657
2020-03-24,0.9244165845704764
2020-03-25,0.9619069476187447
2020-03-26,0.9295779773684294
2020-03-27,0.885448644019395
2020-03-28,0.8730793027556147
2020-03-29,0.9494746389460781
2020-03-30,0.9821291037390409
2020-03-31,0.9553054399242962
2020-04-01,0.9614668815181308
2020-04-02,0.8827960889047256
2020-04-03,0.9764697136500224
2020-04-04,0.910972330851069
2020-04-05,0.9275585102033238
2020-04-06,0.902366488628323
2020-04-07,0.9701069962903122
2020-04-08,0.9485599428461277
2020-04-09,0.9577884237674399
2020-04-10,0.9547600257435591
2020-04-11,0.9213292484113116
2020-04-12,0.9528610822552324
2020-04-13,0.9743188159288965
2020-04-14,0.9535601949489354
2020-04-15,0.9312938422221015
2020-04-16,0.947709390466835
2020-04-17,0.9480025326141226
2020-04-18,0.9371667664007703
2020-04-19,0.984150368159548
2020-04-20,0.8695074671717946
2020-04-21,0.9067348316950034
2020-04-22,0.9358558623295729
2020-04-23,0.9015506928593755
2020-04-24,0.8942744408880354
2020-04-25,0.964260867975814
2020-04-26,0.9194045888181752
2020-04-27,0.9386023184356802
2020-04-28,0.9804189705508133
2020-04-29,0.9818726494335509
2020-04-30,0.9776983657187615
2020-05-01,0.950115380512
2020-05-02,0.8797644097292995
2020-05-03,0.9545584991024696
2020-05-04,0.9370999483736293
2020-05-05,0.9038060862212399
2020-05-06,0.9741122348111927
2020-05-07,0.9804335743488158
2020-05-08,0.9691954190570327
2020-05-09,0.9787752264910613
2020-05-10,0.9474911375870468
2020-05-11,0.9074565797484925
2020-05-12,0.9519499860077306
2020-05-13,0.8718862760223677
2020-05-14,0.9305897591700681
2020-05-15,0.9359486014198715
2020-05-16,0.9649551043457877
2020-05-17,0.8874725979080531
2020-05-18,0.9081473207654444
2020-05-19,0.9439642726938219
2020-05-20,0.9599577516999265
2020-05-21,0.9548683351671023
2020-05-22,0.9697876338183684
2020-05-23,0.9724011657286203
2020-05-24,0.9920787283366566
2020-05-25,0.9770375983601841
2020-05-26,0.9781726782045943
2020-05-27,0.8594424316764921
2020-05-28,0.9619231944304061
2020-05-29,0.9621865885416314
2020-05-30,0.9353385637870583
2020-05-31,0.9850153838387826
2020-06-01,0.9561274220885113
2020-06-02,0.9450204474312849
2020-06-03,0.8989244391348322
2020-06-04,0.9185171381762208
2020-06-05,0.9800519244117414
2020-06-06,0.9767707346687247
2020-06-07,0.9768911272268701
2020-06-08,0.9759866961305073
2020-06-09,0.9722176551766418
2020-06-10,0.9893832792056273
2020-06-11,0.9845608578374744
2020-06-12,0.9864292541522448
2020-06-13,0.9318066982480172
2020-06-14,0.9462188481858496
2020-06-15,0.9447817755127894
2020-06-16,0.979470124653343
2020-06-17,0.9844446120996901
2020-06-18,0.9744834757702947
2020-06-19,0.9797280500407093
2020-06-20,0.9871647213172517
2020-06-21,0.9716956620342225
2020-06-22,0.93684593635028
2020-06-23,0.9255668725504863
2020-06-24,0.976771900445671
2020-06-25,0.973546811632263
2020-06-26,0.9517151524232565
2020-06-27,0.962618713972442
2020-06-28,0.9540141076046822
2020-06-29,0.8817233143387804
2020-06-30,0.9169192616101542
2020-07-01,0.9809915521343203
2020-07-02,0.9582304906071418
2020-07-03,0.8814494292580217
2020-07-04,0.9171175463775288
2020-07-05,0.9606598731706221
2020-07-06,0.9452479871341022
2020-07-07,0.9497483912462185
2020-07-08,0.9714288661050621
2020-07-09,0.9744628363259938
2020-07-10,0.977726123117057
2020-07-11,0.980119522620792
2020-07-12,0.9804356615658942
2020-07-13,0.9815644700970018
2020-07-14,0.9825094479506323
2020-07-15,0.9800107639067203
2020-07-16,0.9535095070042247
2020-07-17,0.9310474361853992
2020-07-18,0.9383878542476393
2020-07-19,0.9408386360955735
2020-07-20,0.970230760461625
2020-07-21,0.8805925562088371
2020-07-22,0.9587266480105348
2020-07-23,0.892791463628134
2020-07-24,0.8982258676837508
2020-07-25,0.9466244025381111
2020-07-26,0.9542324899813767
2020-07-27,0.9619610882241673
2020-07-28,0.9708010770858984
2020-07-29,0.9329224955218418
2020-07-30,0.9443134095273799
2020-07-31,0.9789591205529321
2020-08-01,0.9502723639565367
2020-08-02,0.9765712931416494
2020-08-03,0.9407046962201352
2020-08-04,0.9841695667003975
2020-08-05,0.9409175473201917
2020-08-06,0.9840294587432232
2020-08-07,0.9829044226928216
2020-08-08,0.9816752392568684
2020-08-09,0.9738193719891384
2020-08-10,0.9507253037175937
2020-08-11,0.9792954964194512
2020-08-12,0.956049010342749
2020-08-13,0.9734810631331176
2020-08-14,0.9794126660999165
2020-08-15,0.9786342393429965
2020-08-16,0.9860080824510586
2020-08-17,0.9515263918015436
2020-08-18,0.9314338460327671
2020-08-19,0.9568826621038706
2020-08-20,0.884640870567247
2020-08-21,0.9725778364414749
2020-08-22,0.9695452889934723
2020-08-23,0.9691144942679827
2020-08-24,0.9769791554778132
2020-08-25,0.9858632945813172
2020-08-26,0.9831100894075633
2020-08-27,0.9826894635801484
2020-08-28,0.9804345175447022
2020-08-29,0.9689501070352239
2020-08-30,0.922817922852876
2020-08-31,0.9760349764396201
2020-09-01,0.9771700484934238
2020-09-02,0.9770048469665696
2020-09-03,0.9573477706100427
2020-09-04,0.9415070299094571
2020-09-05,0.9892352703393396
2020-09-06,0.9862419058915286
2020-09-07,0.9636146084080736
2020-09-08,0.9573550991819049
2020-09-09,0.9761567406796037
2020-09-10,0.8530997246253379
2020-09-11,0.8783674746132394
2020-09-12,0.9799748567286619
2020-09-13,0.9292427484035336
2020-09-14,0.8639151281829397
2020-09-15,0.9491961811635836
2020-09-16,0.9736040489728431
2020-09-17,0.9875687763336864
2020-09-18,0.9752342890644476
2020-09-19,0.9817364988380937
2020-09-20,0.9800513901281259
2020-09-21,0.9335078863042449
2020-09-22,0.9540152234758401
2020-09-23,0.9580714218708104
2020-09-24,0.9366618177537067
2020-09-25,0.8464320506330831
2020-09-26,0.9419837346940487
2020-09-27,0.9666109088265036
2020-09-28,0.8593411418121791
2020-09-29,0.9530459131700697
2020-09-30,0.9411352336388868
2020-10-01,0.9747564097661899
2020-10-02,0.9714859646688362
2020-10-03,0.8577042753664912
2020-10-04,0.9598164815389214
2020-10-05,0.9421745922722797
2020-10-06,0.970795380664659
2020-10-07,0.926265250385706
2020-10-08,0.9674384091137809
2020-10-09,0.9482615388382788
2020-10-10,0.8474267350081832
2020-10-11,0.8442476411832145
2020-10-12,0.9668858598189606
2020-10-13,0.9535191341418743
2020-10-14,0.9558612676213567
2020-10-15,0.9720425724514477
2020-10-16,0.8588521669812647
2020-10-17,0.9082928675322456
2020-10-18,0.9663374042657124
2020-10-19,0.9204170300709013
2020-10-20,0.9319802462469446
2020-10-21,0.9573128152101175
2020-10-22,0.8783721475777598
2020-10-23,0.9370972627240266
2020-10-24,0.9607370441863679
2020-10-25,0.9599017927004339
2020-10-26,0.9463360971870642
2020-10-27,0.9594517890697184
2020-10-28,0.9035821305779725
2020-10-29,0.950431744835904
2020-10-30,0.9562001349095354
2020-10-31,0.8377932157619625
2020-11-01,0.9420869742663744
2020-11-02,0.9585146527253842
2020-11-03,0.9166441527765261
2020-11-04,0.9193699606431132
2020-11-05,0.9535729279059011
2020-11-06,0.9436825363772066
2020-11-07,0.9504606535662133
2020-11-08,0.9251414817810716
2020-11-09,0.8332755017431286
2020-11-10,0.8386462481691062
2020-11-11,0.888919553393578
2020-11-12,0.9532905109609948
2020-11-13,0.8772857281346548
2020-11-14,0.8530299584433414
2020-11-15,0.9620782757483183
2020-11-16,0.9585536010972341
2020-11-17,0.9561904639201342
2020-11-18,0.9568065607726339
2020-11-19,0.9539316292163896
2020-11-20,0.9458593751519153
2020-11-21,0.9514335397909902
2020-11-22,0.8180476932229487
2020-11-23,0.8646080085261711
2020-11-24,0.8664327922138149
2020-11-25,0.9326667010551176
2020-11-26,0.9574527599489565
2020-11-27,0.9430435264684224
2020-11-28,0.8674187265871776
2020-11-29,0.8290057296035941
2020-11-30,0.8838740199253772
2020-12-01,0.907895633796026
2020-12-02,0.8941689809966998
2020-12-03,0.9384071268259582
2020-12-04,0.9253457574108933
2020-12-05,0.9186704739951224
2020-12-06,0.8891271723654546
2020-12-07,0.9386389349910289
2020-12-08,0.9409145024932893
2020-12-09,0.941949755628465
2020-12-10,0.8647204394378482
2020-12-11,0.9301499460126709
2020-12-12,0.8538865326174383
2020-12-13,
2020-12-14,0.8546829461161527
2020-12-15,0.8226539138508345
2020-12-16,0.9230480356045577
2020-12-17,0.8386617454799917
2020-12-18,0.8619797679783329
2020-12-19,0.8300900901593604
2020-12-20,0.8523274259252719
2020-12-21,0.8861797276934162
2020-12-22,0.8470985462274553
2020-12-23,0.9168188691576216
2020-12-24,0.8498085386509048
2020-12-25,0.9383341246620839
2020-12-26,0.9282529176988188
2020-12-27,0.9025789087182341
2020-12-28,
2020-12-29,0.898413457369886
